date,id,position,score,subreddit_display_name,subreddit_id,title,is_self,url,upvote_ratio,num_comments,created,created_date
2023-12-31T20,18vdst4,71,1339,CozyPlaces,34ixl,"New Years Eve Cozy Dinner",0,https://i.redd.it/t00chuzcbo9c1.jpeg,0.98,51,1704047250,2023-12-31T06:27:30+0000
2023-12-31T20,18vd80p,27,3148,BlackPeopleTwitter,33x33,"The survival skills were lagging tbf",0,https://v.redd.it/ytuuza384o9c1,0.97,81,1704045603,2023-12-31T06:00:03+0000
2023-12-31T20,18vczub,7,4678,antiwork,2y77d,"Full Circle",0,https://i.redd.it/uyn3yweh4o9c1.png,0.98,137,1704044936,2023-12-31T05:48:56+0000
2023-12-31T20,18vcp34,2,7293,comics,2qh0s,"And Tigger Too",0,https://i.redd.it/5pebbe5y1o9c1.gif,0.98,63,1704044089,2023-12-31T05:34:49+0000
2023-12-31T20,18vciju,4,6039,ContagiousLaughter,2u2bh,"Pranking mom for the holidays",0,https://v.redd.it/xtrikyie0o9c1,0.92,161,1704043572,2023-12-31T05:26:12+0000
2023-12-31T20,18vc749,1,13202,rareinsults,48t85,"Libertarians - House Cats",0,https://i.redd.it/0fi3ledrxn9c1.jpeg,0.92,639,1704042676,2023-12-31T05:11:16+0000
2023-12-31T20,18vbzbx,21,4091,PrequelMemes,3i60n,"Happy New Year",0,https://i.redd.it/iz5brtnzvn9c1.jpeg,0.97,39,1704042081,2023-12-31T05:01:21+0000
2023-12-31T20,18vbub8,54,1969,Tinder,2w7mz,"I hate it here üòÇ",0,https://i.redd.it/elbzdpouun9c1.jpeg,0.97,276,1704041697,2023-12-31T04:54:57+0000
2023-12-31T20,18vbnu0,81,1577,Genshin_Impact,12p4l2,"This abyss is just unfair, I can't even do anything",0,https://v.redd.it/dyot06rbtn9c1,0.98,72,1704041192,2023-12-31T04:46:32+0000
2023-12-31T20,18vbnsj,56,2044,holdmycatnip,2zhxd,"He fell with grace",0,https://v.redd.it/8kf26lnatn9c1,0.99,25,1704041188,2023-12-31T04:46:28+0000
2023-12-31T20,18vbhlm,70,1843,formuladank,3ndbi,"Checo preparing for his job after red bull",0,https://i.redd.it/x096yjxxrn9c1.jpeg,0.95,36,1704040721,2023-12-31T04:38:41+0000
2023-12-31T20,18vb99j,6,6616,WhitePeopleTwitter,35n7t,"Preferably behind bars while doing it...",0,https://i.imgur.com/OTyWGPH.png,0.95,179,1704040083,2023-12-31T04:28:03+0000
2023-12-31T20,18vb8cp,76,1776,aww,2qh1o,Oops,0,https://v.redd.it/8m0v705rpn9c1,0.97,54,1704040006,2023-12-31T04:26:46+0000
2023-12-31T20,18vb0k3,74,1952,whenthe,23gidu,"Love that part!!!!1!1!1!!1!1!1",0,https://v.redd.it/wlvbizk1on9c1,0.97,47,1704039410,2023-12-31T04:16:50+0000
2023-12-31T20,18varv1,65,2087,nbacirclejerk,2td2i,"Outjerked by Celtics broadcast",0,https://i.redd.it/8udjux1yln9c1.jpeg,0.97,103,1704038703,2023-12-31T04:05:03+0000
2023-12-31T20,18vaqd7,90,1689,discordVideos,2cxozx,"2023 meme calendar ",0,https://v.redd.it/cbo4za0lln9c1,0.93,72,1704038583,2023-12-31T04:03:03+0000
2023-12-31T20,18vapwf,57,2316,KidsAreFuckingStupid,3948y,"Awesome idea",0,https://v.redd.it/urtssl9hln9c1,0.86,191,1704038546,2023-12-31T04:02:26+0000
2023-12-31T20,18valwq,29,4732,ExplainTheJoke,2vmj2,"I don't understand the joke at all. Pls help",0,https://i.redd.it/j4kxt6qkkn9c1.jpeg,0.92,125,1704038242,2023-12-31T03:57:22+0000
2023-12-31T20,18valrr,96,1578,law,2qh9k,"Trump Swearing to Support and Defend the Constitution, While Looking Justice Roberts in the Eye, Live on TV",0,https://www.britannica.com/video/193738/Donald-Trump-president,0.95,175,1704038232,2023-12-31T03:57:12+0000
2023-12-31T20,18vajto,11,6025,TikTokCringe,mvcq5,"This is an absolutely insane job",0,https://v.redd.it/s87lhan1kn9c1,0.95,276,1704038069,2023-12-31T03:54:29+0000
2023-12-31T20,18vafib,84,1759,nottheonion,2qnts,"Body Lotion Accused of Attracting Giant Spiders Goes Viral",0,https://www.newsweek.com/sol-de-janeiro-body-lotion-attracting-wolf-spiders-1856504,0.9,98,1704037729,2023-12-31T03:48:49+0000
2023-12-31T20,18vaeho,79,1909,4chan,2qh4w,"The Maternal Affair",0,https://i.redd.it/tk49vfysin9c1.png,0.96,70,1704037648,2023-12-31T03:47:28+0000
2023-12-31T20,18vabbd,10,6637,me_irlgbt,3apfn,"MeüöçIRLGBT",0,https://i.redd.it/04x1ddbxhn9c1.png,0.94,97,1704037390,2023-12-31T03:43:10+0000
2023-12-31T20,18vaa8o,95,3923,politics,2cneq,"Raskin suggests Clarence Thomas should recuse himself from Trump 14th Amendment decision",0,https://thehill.com/homenews/house/4383219-raskin-suggests-clarence-thomas-should-recuse-himself-from-trump-14th-amendment-decision/,0.98,177,1704037300,2023-12-31T03:41:40+0000
2023-12-31T20,18va931,62,2342,Satisfyingasfuck,31s00,"This is Amazing",0,https://v.redd.it/no2mkt15hn9c1,0.94,119,1704037210,2023-12-31T03:40:10+0000
2023-12-31T20,18va8nx,41,3571,SipsTea,5tdqj0,"American back packs according to Europeans",0,https://v.redd.it/xjzabw5ahn9c1,0.95,179,1704037176,2023-12-31T03:39:36+0000
2023-12-31T20,18va8mx,61,2326,malelivingspace,2v70p,"Single guy with dog",0,https://www.reddit.com/gallery/18va8mx,0.95,370,1704037174,2023-12-31T03:39:34+0000
2023-12-31T20,18va70i,72,2194,nba,2qo4s,"Spoelstra: ‚ÄúRight now, if you‚Äôre not a No. 1 option as a freshman and you‚Äôre a five-star recruit, you‚Äôre either transferring or you‚Äôre declaring. You‚Äôre not really developing any kind of grit or learning a role or embracing a role the way Jaime did. He had a different kind of path that we respect.‚Äù",1,https://www.reddit.com/r/nba/comments/18va70i/spoelstra_right_now_if_youre_not_a_no_1_option_as/,0.96,280,1704037037,2023-12-31T03:37:17+0000
2023-12-31T20,18va6bu,23,5085,Presidents,2qwlm,"from Time Magazine, 19 February 1990",0,https://i.redd.it/mkfrzn2kgn9c1.png,0.94,254,1704036978,2023-12-31T03:36:18+0000
2023-12-31T20,18va4dk,92,1787,civ,2rk3b,"Day 230 of drawing badly every day until Civ 7 is released",0,https://i.redd.it/6kyrq0obgn9c1.png,0.95,70,1704036814,2023-12-31T03:33:34+0000
2023-12-31T20,18v9z14,43,3755,HonkaiStarRail,4q5zoc,"Can‚Äôt wait for the new year",0,https://i.redd.it/gzj3o2q1fn9c1.jpeg,0.94,116,1704036383,2023-12-31T03:26:23+0000
2023-12-31T20,18v9xk3,87,1864,inthenews,2rgzp,"Trump's rhetoric is increasingly mirroring Nazi talking points, and nobody is paying attention, an expert on extremism warns",0,https://www.businessinsider.com/trump-rhetoric-mirroring-nazi-fascism-hitler-expert-warns-2023-11,0.91,251,1704036262,2023-12-31T03:24:22+0000
2023-12-31T20,18v9wj5,31,4823,TrueOffMyChest,2yuqy,"I made a comment to my ex husband when we signed our divorce and his gf now accuses me of being the reason he didn‚Äôt propose to her on Christmas",1,https://www.reddit.com/r/TrueOffMyChest/comments/18v9wj5/i_made_a_comment_to_my_ex_husband_when_we_signed/,0.96,657,1704036171,2023-12-31T03:22:51+0000
2023-12-31T20,18v9tsg,59,2585,terriblefacebookmemes,2tja6,"What am I missing here? Is this supposed to be a flex?",0,https://i.redd.it/icffiugrdn9c1.jpeg,0.97,309,1704035951,2023-12-31T03:19:11+0000
2023-12-31T20,18v9ro1,45,3715,wholesomememes,3gcwj,"Good Guy Gary",0,https://i.redd.it/ryw5sp77dn9c1.jpeg,0.97,54,1704035778,2023-12-31T03:16:18+0000
2023-12-31T20,18v9op3,52,3110,Hololive,29numb,"They've gone for HARDS?!?",0,https://www.reddit.com/gallery/18v9op3,0.95,109,1704035531,2023-12-31T03:12:11+0000
2023-12-31T20,18v9nng,97,1841,europe,2qh4j,"‚ÄúWar and peace side by side.‚Äù I gauge the mood in a small town sixty miles from Moscow Steve Rosenberg for BBCNews",0,https://v.redd.it/93bv89i3cn9c1,0.94,474,1704035440,2023-12-31T03:10:40+0000
2023-12-31T20,18v9hia,17,6611,TheLastAirbender,2rybx,"New still",0,https://i.redd.it/gfk779opan9c1.jpeg,0.96,387,1704034924,2023-12-31T03:02:04+0000
2023-12-31T20,18v9f6e,13,7616,Unexpected,2w67q,"Confronting a rival fan",0,https://v.redd.it/bcu4dgs6an9c1,0.96,193,1704034755,2023-12-31T02:59:15+0000
2023-12-31T20,18v9e6w,49,3376,delta,2scjv,"how our flight attendant displayed the snacks",0,https://i.redd.it/vubgnz1y9n9c1.jpeg,0.95,157,1704034668,2023-12-31T02:57:48+0000
2023-12-31T20,18v9b0n,26,7016,ChatGPT,7hqomg,"A rich man getting richer each time",0,https://www.reddit.com/gallery/18v9b0n,0.79,733,1704034389,2023-12-31T02:53:09+0000
2023-12-31T20,18v99hf,88,2061,PublicFreakout,2yrq6,"Indiana, actor gets out of set with a fake gun, almost get shot by a cop nearby.",0,https://v.redd.it/etd2t7vn8n9c1,0.95,333,1704034250,2023-12-31T02:50:50+0000
2023-12-31T20,18v98x3,37,4777,Showerthoughts,2szyo,"It's against the law to use your smartphone while driving, but using a giant tablet on the dashboard for most of your car's functions is perfectly fine",1,https://www.reddit.com/r/Showerthoughts/comments/18v98x3/its_against_the_law_to_use_your_smartphone_while/,0.92,441,1704034205,2023-12-31T02:50:05+0000
2023-12-31T20,18v97eg,9,8507,nextfuckinglevel,m0bnr,"Separating car parts using a crane",0,https://v.redd.it/s5vjo6e58n9c1,0.94,614,1704034067,2023-12-31T02:47:47+0000
2023-12-31T20,18v96sf,80,2333,CFB,2qm9d,"I‚Äôm a bit surprised at this sub‚Äôs response to the FSU opt-out situation now that the game is over. The team was robbed of a chance to win a title. Why is it their burden to continue entertaining this system?",1,https://www.reddit.com/r/CFB/comments/18v96sf/im_a_bit_surprised_at_this_subs_response_to_the/,0.74,2708,1704034011,2023-12-31T02:46:51+0000
2023-12-31T20,18v93vg,91,2112,interiordecorating,2t8dh,"My fiancee's interior decorating style in our new home",0,https://www.reddit.com/gallery/18v93vg,0.9,471,1704033750,2023-12-31T02:42:30+0000
2023-12-31T20,18v8wq7,24,6824,mildlyinfuriating,2ubgg,"I booked an airbnb, then received this message from the host. A few hours later, they cancelled the stay.",0,https://i.redd.it/h2yl8lz25n9c1.png,0.96,719,1704033090,2023-12-31T02:31:30+0000
2023-12-31T20,18v8wiy,83,2288,Awww,2suml,"Selfie with my dog",0,https://v.redd.it/ecelwnd65n9c1,0.95,23,1704033071,2023-12-31T02:31:11+0000
2023-12-31T20,18v8vwx,8,12743,theydidthemath,2x23b,"[Request] How much money could you make doing this?",0,https://i.redd.it/sajb2vm15n9c1.jpeg,0.94,223,1704033019,2023-12-31T02:30:19+0000
2023-12-31T20,18v8ubu,85,5560,todayilearned,2qqjc,"TIL about Shiniuzhai, a convenience store hanging on a cliff in Hunan, that‚Äôs been nicknamed ‚Äúmost inconvenient convenience store‚Äù in China",0,https://www.insider.com/china-world-most-inconvenient-convenience-store-hangs-side-of-cliff-2022-5,0.98,105,1704032870,2023-12-31T02:27:50+0000
2023-12-31T20,18v8tpv,30,8592,memes,2qjpg,"This just really bugs me",0,https://i.redd.it/o565yt6f4n9c1.png,0.91,506,1704032810,2023-12-31T02:26:50+0000
2023-12-31T20,18v8n6i,5,13050,interestingasfuck,2qhsa,"The Jaws of the Vipertoothed Dogfish.",0,https://v.redd.it/uyyfpxdk2n9c1,0.96,421,1704032199,2023-12-31T02:16:39+0000
2023-12-31T20,18v8m14,18,8826,PeterExplainsTheJoke,121h8r,Peetha,0,https://i.redd.it/om7xhr1b2n9c1.jpeg,0.94,354,1704032099,2023-12-31T02:14:59+0000
2023-12-31T20,18v8lwq,77,2642,notliketheothergirls,3opft,"I was all for this video until she started putting down other women for their wedding dresses",0,https://www.reddit.com/gallery/18v8lwq,0.91,497,1704032085,2023-12-31T02:14:45+0000
2023-12-31T20,18v8kk4,82,2473,BatmanArkham,2y9q4,"Hi I‚Äôm Peter but don‚Äôt AMA I don‚Äôt care",0,https://i.redd.it/87li3btv1n9c1.jpeg,0.93,87,1704031956,2023-12-31T02:12:36+0000
2023-12-31T20,18v8jtx,89,2359,unpopularopinion,2tk0s,"The printer industry is a scam and should be put under govt review",1,https://www.reddit.com/r/unpopularopinion/comments/18v8jtx/the_printer_industry_is_a_scam_and_should_be_put/,0.88,399,1704031889,2023-12-31T02:11:29+0000
2023-12-31T20,18v8ibe,12,9545,facepalm,2r5rp,"'The 50 Cent Raise'",0,https://i.redd.it/eaq1upd91n9c1.jpeg,0.96,307,1704031752,2023-12-31T02:09:12+0000
2023-12-31T20,18v8eil,99,2286,ProgrammerHumor,2tex6,forkBombInvestigators,0,https://i.redd.it/qrhoq0k70n9c1.jpeg,0.98,34,1704031392,2023-12-31T02:03:12+0000
2023-12-31T20,18v8d21,94,2356,youtube,2qh44,"I can‚Äôt imagine being worth billions of $$$ and still allowing ads like this",0,https://i.redd.it/xkt63usuzm9c1.jpeg,0.95,259,1704031275,2023-12-31T02:01:15+0000
2023-12-31T20,18v8cw2,69,9664,Unexpected,2w67q,"Cheapest world problem!?‚ÄΩ",0,https://v.redd.it/3s9o466zym9c1,0.88,795,1704031263,2023-12-31T02:01:03+0000
2023-12-31T20,18v8crq,16,7795,politics,2cneq,"Donald Trump stung by legal filing hours before New Year's Eve",0,https://www.newsweek.com/donald-trump-legal-filing-new-years-eve-1856777,0.94,452,1704031254,2023-12-31T02:00:54+0000
2023-12-31T20,18v8bbc,78,2715,ukraine,2qqcn,"Here are the 'journalists' who write all that anti-Ukrainian bullshit in NY Times - One was raised in Putin's hometown & worked at Moscow Times, the other graduated from MGIMO (Moscow State Institute of International Relations). Would not be surprised if they are the Kremlin‚Äôs agents",0,https://x.com/TonyaMaliei/status/1741212892811194865?s=20,0.96,141,1704031135,2023-12-31T01:58:55+0000
2023-12-31T20,18v88w2,14,9757,oddlysatisfying,2x93b,"This paper cutting machine at work",0,https://v.redd.it/bdu1tjxqym9c1,0.93,528,1704030904,2023-12-31T01:55:04+0000
2023-12-31T20,18v8822,75,2966,ImTheMainCharacter,4c4j2u,"White woman says that she hates Mexicans and she doesn‚Äôt want them in her country. ‚ÄúIt‚Äôs America‚Äù.",0,https://v.redd.it/buistbtfym9c1,0.86,1452,1704030816,2023-12-31T01:53:36+0000
2023-12-31T20,18v87ds,15,12550,shitposting,2usxq,Titanic,0,https://i.redd.it/kyr3hnkaym9c1.jpeg,0.92,327,1704030750,2023-12-31T01:52:30+0000
2023-12-31T20,18v83fb,3,16562,pics,2qh0u,"Happy new year from Sydney, Australia.",0,https://i.redd.it/pqye6xr7xm9c1.jpeg,0.97,172,1704030386,2023-12-31T01:46:26+0000
2023-12-31T20,18v82s8,98,6401,interestingasfuck,2qhsa,"Animals react to their reflections in a mirror",0,https://v.redd.it/lphzen1nvm9c1,0.98,112,1704030325,2023-12-31T01:45:25+0000
2023-12-31T20,18v80t5,44,5175,gaming,2qh03,"We mean no harm. Our units are merely passing through the area.",0,https://i.redd.it/jsoi8badvm9c1.jpeg,0.95,187,1704030144,2023-12-31T01:42:24+0000
2023-12-31T20,18v7yjp,40,6264,me_irl,2vegg,Me_irl,0,https://i.redd.it/slnqa4mvvm9c1.jpeg,0.97,67,1704029937,2023-12-31T01:38:57+0000
2023-12-31T20,18v7ubo,35,6945,CuratedTumblr,3x5kfw,Language,0,https://i.redd.it/7et7gojmum9c1.jpeg,0.94,139,1704029538,2023-12-31T01:32:18+0000
2023-12-31T20,18v7tub,46,5633,oddlyterrifying,2yo6b,"Before a heart transplant, organ is connected to a warm perfusion device that pumps a continuous supply of oxygenated blood and electrolytes, keeping temperature and pressure constant while the organ is outside the human body.",0,https://v.redd.it/teov9y9hum9c1,0.95,198,1704029493,2023-12-31T01:31:33+0000
2023-12-31T20,18v7q6j,73,3368,BaldursGate3,12967t,"Just a daily reminder.",0,https://i.redd.it/9fc6lqebtm9c1.png,0.93,321,1704029160,2023-12-31T01:26:00+0000
2023-12-31T20,18v7l18,93,2725,AskReddit,2qh1i,"People over 40, what's one thing you regret the most in your younger years?",1,https://www.reddit.com/r/AskReddit/comments/18v7l18/people_over_40_whats_one_thing_you_regret_the/,0.92,3635,1704028663,2023-12-31T01:17:43+0000
2023-12-31T20,18v7chc,67,3715,popculturechat,5rj68d,"Fashion Showdown (also known as celebrities wearing the same outfit)",0,https://www.reddit.com/gallery/18v7chc,0.91,850,1704027817,2023-12-31T01:03:37+0000
2023-12-31T20,18v7989,47,5911,pcmasterrace,2sgp1,"PS/2 gang rise up",0,https://i.redd.it/6ylhj0apom9c1.jpeg,0.93,450,1704027522,2023-12-31T12:58:42+0000
2023-12-31T20,18v785n,66,3892,texts,2sbrh,"Texts with my boyfriend a month before he was killed in a motorcycle accident",0,https://www.reddit.com/gallery/18v785n,0.93,755,1704027403,2023-12-31T12:56:43+0000
2023-12-31T20,18v7812,25,9399,todayilearned,2qqjc,"TIL about Pine Mouth, a potential consequence from eating pine nuts that gives you a metallic taste in your mouth, sometimes for weeks.",0,https://www.bonappetit.com/story/pine-nut-mouth-syndrome,0.97,304,1704027389,2023-12-31T12:56:29+0000
2023-12-31T20,18v75hx,34,8399,Damnthatsinteresting,2xxyj,"Hand painting a ship's name on it's hull",0,https://v.redd.it/ahfyxhshnm9c1,0.95,356,1704027118,2023-12-31T12:51:58+0000
2023-12-31T20,18v72cj,19,16097,lotrmemes,2v0i1,Ackshually!,0,https://i.redd.it/wuyy4xpimm9c1.jpeg,0.87,895,1704026789,2023-12-31T12:46:29+0000
2023-12-31T20,18v6xeu,55,4566,AnimalCrossing,2ro2c,"Flashback to when my sister was logging in to do her NYE event in 2020",0,https://i.redd.it/9khms2nwkm9c1.jpeg,0.96,48,1704026248,2023-12-31T12:37:28+0000
2023-12-31T20,18v6wy3,60,4388,cats,2qhta,"Why does he make his ears like this?",0,https://i.redd.it/9we60awqkm9c1.jpeg,0.98,364,1704026194,2023-12-31T12:36:34+0000
2023-12-31T20,18v6tp9,51,5272,Eyebleach,2s427,"Man chased by bull",0,https://i.imgur.com/j7WG2Ii.gifv,0.98,35,1704025838,2023-12-31T12:30:38+0000
2023-12-31T20,18v6p5r,100,3103,OneOrangeBraincell,5vej89,"What‚Äôs she yelling about? I don‚Äôt speak orange",0,https://i.redd.it/qqa5rq35im9c1.jpeg,0.97,123,1704025316,2023-12-31T12:21:56+0000
2023-12-31T20,18v6nz7,53,5539,starwarsmemes,2wzm6,Accurate?,0,https://i.redd.it/5asur56rhm9c1.jpeg,0.88,407,1704025188,2023-12-31T12:19:48+0000
2023-12-31T20,18v6gzu,36,13645,dankmemes,2zmfe,"Unis hate this one trick",0,https://i.redd.it/6nfb8dzdfm9c1.gif,0.96,48,1704024398,2023-12-31T12:06:38+0000
2023-12-31T20,18v6feh,48,6064,news,2qh3l,"Tire shop owner shoots landscaper for blowing leaves onto his property in NW Miami-Dade",0,https://www.nbcmiami.com/news/local/owner-shoots-landscaper-for-blowing-leaves-onto-his-property-in-nw-miami-dade/3193778/,0.96,762,1704024213,2023-12-31T12:03:33+0000
2023-12-31T20,18v6czy,42,9320,AITAH,446kys,"AITAH for telling my husband that he needs to give me half his company if he wants me to be a housewife?",1,https://www.reddit.com/r/AITAH/comments/18v6czy/aitah_for_telling_my_husband_that_he_needs_to/,0.84,7049,1704023975,2023-12-31T11:59:35+0000
2023-12-31T20,18v6ch6,32,12890,MapPorn,2si92,"2024, a worldwide election year",0,https://i.redd.it/ojlw4q9zdm9c1.jpeg,0.94,1430,1704023916,2023-12-31T11:58:36+0000
2023-12-31T20,18v6cck,33,12613,mildlyinteresting,2ti4h,"We have a vacuum system in the house, where you just put a long hose on and it starts sucking",0,https://i.redd.it/oq9971rxdm9c1.jpeg,0.85,3025,1704023902,2023-12-31T11:58:22+0000
2023-12-31T20,18v6c29,39,11681,AbsoluteUnits,a7wuv,"Eddie Hall looking like a historically accurate Thor",0,https://v.redd.it/dovs19etdm9c1,0.84,1395,1704023868,2023-12-31T11:57:48+0000
2023-12-31T20,18v6a2d,28,16625,tumblr,2r7hk,"Idk what to title this just felt was important to bring attention to",0,https://i.redd.it/oivl2jb4dm9c1.jpeg,0.93,858,1704023628,2023-12-31T11:53:48+0000
2023-12-31T20,18v625n,63,5379,BeAmazed,363r3,"Al generated CCTV footage of police arresting people for wearing huge boots",0,https://v.redd.it/spx8dt9cam9c1,0.9,236,1704022695,2023-12-31T11:38:15+0000
2023-12-31T20,18v60bt,20,29901,funny,2qh33,"This Malaysian restaurant has had enough",0,https://i.redd.it/l4414aso9m9c1.jpeg,0.87,1035,1704022475,2023-12-31T11:34:35+0000
2023-12-31T20,18v5xgo,22,22474,meirl,2s5ti,Meirl,0,https://i.redd.it/ed6z9drp8m9c1.jpeg,0.95,537,1704022146,2023-12-31T11:29:06+0000
2023-12-31T20,18v5b01,86,4744,brasil,2qh9i,"CHEGOU A HORA! VAMOS LEVAR O C√ÉO CHUPANDO MANGA PARA A FRONTPAGE MAIS UMA VEZ üê∂ü•≠",0,https://i.redd.it/tvy9jrfv0m9c1.png,0.93,198,1704019509,2023-12-31T10:45:09+0000
2023-12-31T20,18v58s9,50,8669,chaoticgood,2qjo5,"The hero we need.",0,https://i.redd.it/fzi119tyzl9c1.jpeg,0.94,265,1704019235,2023-12-31T10:40:35+0000
2023-12-31T20,18v4s1d,64,6874,worldnews,2qh13,"US Military Says Sank Three Huthi Vessels That Attacked Container Ship In Red Sea and opened fire on the US helicopters",0,https://www.barrons.com/news/us-military-says-sank-three-huthi-vessels-that-attacked-container-ship-in-red-sea-32c2f671,0.95,822,1704017270,2023-12-31T10:07:50+0000
2023-12-31T20,18v4l1f,38,23640,clevercomebacks,dyqlw,"Based Readers added context",0,https://i.redd.it/d330lyljrl9c1.png,0.93,613,1704016464,2023-12-31T09:54:24+0000
2023-12-31T20,18v4bma,58,11257,technicallythetruth,3pzez,"That's a lot of information to swallow",0,https://i.redd.it/y1iux5laol9c1.jpeg,0.94,136,1704015350,2023-12-31T09:35:50+0000
2023-12-31T20,18v3fs7,68,17591,MadeMeSmile,2uqcm,"Man meets his hero in the most unusual circumstance",0,https://v.redd.it/33ezbp4sdl9c1,0.82,918,1704011745,2023-12-31T08:35:45+0000
