date,id,subreddit_display_name,title,position,position_change
2023-12-30T16,18u0j4w,BlackPeopleTwitter,"ITT: What makes you go ""I'm with the boomers on this one""?",87,-32
2023-12-30T16,18u317c,Wellthatsucks,"It‚Äôs a evil world.",100,-36
2023-12-30T16,18u4ejn,Eldenring,"my three favorite dragons in the game",82,-28
2023-12-30T16,18u4i6p,mildlyinfuriating,"Two losers stealing my shoes from a house party",52,-19
2023-12-30T16,18u4s1t,AnimalCrossing,"I crocheted a Lily of the Valley plant and it lights up",63,-24
2023-12-30T16,18u4zw7,todayilearned,"TIL clover used to be part of every lawn as it was cheap and easy to maintain. After WWII pesticide companies declared it a weed and until recently it's been removed from laws.",47,-22
2023-12-30T16,18u58nb,marvelmemes,"Oh, you're right, Storm",49,-20
2023-12-30T16,18u5w52,maybemaybemaybe,"Maybe maybe maybe",73,-21
2023-12-30T16,18u6iu7,Funnymemes,"Fellas you doing this for your girl?",89,-29
2023-12-30T16,18u6rkn,KidsAreFuckingStupid,"Bro forgot he two-eyedüíÄ",58,-21
2023-12-30T16,18u6ysl,JustGuysBeingDudes,"Guys will see this and just think ""hell yeah""",28,-10
2023-12-30T16,18u7cx3,CrazyFuckingVideos,"Let me just squeeze over.",72,-24
2023-12-30T16,18u7shu,Eyebleach,"Catch the paw",70,-20
2023-12-30T16,18u7zco,technicallythetruth,"I cannot unsee it now",24,27
2023-12-30T16,18u7zfu,funnyvideos,"Never Forget",38,-11
2023-12-30T16,18u8ek4,AbruptChaos,Stealth....,80,-22
2023-12-30T16,18u8tbc,me_irlgbt,Me_irlgbt,34,-14
2023-12-30T16,18u8zqm,AITAH,"AITA for telling my boyfriend if he chooses his mother in life her better choose her in death too",61,-18
2023-12-30T16,18u9037,worldnews,"Russia unleashes biggest air attack on Ukraine since start of full-scale invasion",60,-15
2023-12-30T16,18u92j3,MurderedByWords,"Somebody call the morgue!",18,-4
2023-12-30T16,18u9g3p,2meirl4meirl,2meirl4meirl,98,-7
2023-12-30T16,18u9h1y,CuratedTumblr,"The lost Phineas and Ferb episode about ocelots",96,-17
2023-12-30T16,18u9sab,FortNiteBR,"The state of this game in a nutshell. ",86,-6
2023-12-30T16,18u9xnh,FunnyAnimals,"I laughed so hard",62,-15
2023-12-30T16,18uaa2z,fixedbytheduet,"üóø",81,-14
2023-12-30T16,18uac77,interestingasfuck,"When a gasoline tanker crashes",13,-4
2023-12-30T16,18uafco,nextfuckinglevel,"Competitive cheerleaders are on a different level",35,-3
2023-12-30T16,18uahcg,Gamingcirclejerk,"Gamers have spoken",95,-7
2023-12-30T16,18uallo,aww,"Trying my best to draw him",8,2
2023-12-30T16,18uau6g,nba,"LeBron James is now 39 years old!",84,-1
2023-12-30T16,18uaud8,Awww,Awww,7,-1
2023-12-30T16,18uax9c,mathmemes,"Simplify this inequality (You won't regret it)",83,-15
2023-12-30T16,18uaxkb,Satisfyingasfuck,"Very very satisfying. Great work.ü•∞",74,-4
2023-12-30T16,18ub3uc,TrueOffMyChest,"i just saw a dead baby",76,-14
2023-12-30T16,18ub54p,MemeVideos,*sniff*,37,-7
2023-12-30T16,18ubbet,AskReddit,"Guys who received unsolicited female nudes, what happened?",79,0
2023-12-30T16,18ubdvw,MinecraftMemes,"I like the classic one better",20,-5
2023-12-30T16,18ubh0p,oddlysatisfying,"3d printing a swirling tree",15,1
2023-12-30T16,18ubk49,europe,"Tatev Monastery, Armenia",99,-13
2023-12-30T16,18ubvac,meirl,meirl,17,2
2023-12-30T16,18ubygx,facepalm,"Threaten us with a good time, why don't you?",6,-3
2023-12-30T16,18uc5ju,facepalm,"Least delusional Twitter user",33,-9
2023-12-30T16,18uc5ld,NoStupidQuestions,"My daughter (17) is dating a 38-year-old man, what can I do to make it stop?",30,8
2023-12-30T16,18ucacp,HonkaiStarRail,"Ruin Me",67,-21
2023-12-30T16,18ucbv4,ProgrammerHumor,btnButton,56,-7
2023-12-30T16,18ucd11,notinteresting,"My poop weighed -0.5kg",77,0
2023-12-30T16,18ucl53,thisismylifenow,"Best and easiest job in the world",68,8
2023-12-30T16,18ucr40,NonPoliticalTwitter,"Let's leave them in 2023",41,-1
2023-12-30T16,18ucwu5,shitposting,"What a nice pussy",12,-1
2023-12-30T16,18ucz4c,DOG,"This beautiful lady has made me fall in love",88,0
2023-12-30T16,18uczr7,AnarchyChess,"ATTENTION!!! WE ARE STARTING A REBELLION AGAINST 1984 POLICE!!! JOIN r\SAVEANARCHYCHESS AND UPVOTE THIS POST SO MORE PEOPLE WILL SEE US!!!",78,-9
2023-12-30T16,18ud06v,comics,"Swipe to see what your quest is and your potion effects",10,3
2023-12-30T16,18ud0h4,SquaredCircle,"Former AEW wrestler Kylie Rae seemingly confirms rumor of Chris Jericho sexual misconduct towards her.",71,-5
2023-12-30T16,18ud4ov,me_irl,me_irl,19,4
2023-12-30T16,18ud8vf,PoliticalCompassMemes,"is this genocide ?",91,-18
2023-12-30T16,18udazr,SipsTea,"Wtf is wrong with her",23,-2
2023-12-30T16,18udb2m,cursedcomments,cursed_character.ai,45,18
2023-12-30T16,18udczn,CozyPlaces,"10.30am and still dark here in the UK. A blanket and movie day I think!",32,4
2023-12-30T16,18udheq,blackmagicfuckery,"It is really unbelievable.",22,6
2023-12-30T16,18udjd0,pcmasterrace,"buying the rtx 4090 in china be like",40,17
2023-12-30T16,18udlnc,PeterExplainsTheJoke,"Petah I don't get it",14,3
2023-12-30T16,18udlsx,formuladank,"Spotted in a bar in Thailand...",48,-7
2023-12-30T16,18udnkf,wholesomememes,"wholesome Christianity",4,-3
2023-12-30T16,18uds7s,WhitePeopleTwitter,"That's a good deal",5,0
2023-12-30T16,18udsqo,discordVideos,"Your insecure",57,4
2023-12-30T16,18udt3z,Unexpected,"Traditional Christmas morning ",2,0
2023-12-30T16,18ududo,crochet,"My mother just finished this wonderful blanket for me. I just wanted to show it to the world, hope that's ok.",16,10
2023-12-30T16,18udxiz,halo,"i am truly conflicted",39,5
2023-12-30T16,18ue03b,BikiniBottomTwitter,"Asking the real questions here",27,4
2023-12-30T16,18uedgn,funny,"Friend‚Äôs neighbors have been keeping her up at night, so she decided to leave them a note",50,0
2023-12-30T16,18ueg4l,gtaonline,"How invigorating",92,0
2023-12-30T16,18uei9c,nottheonion,"Sacred Stones Worshipped For Generations In India Turn Out To Be Dinosaur Eggs",9,13
2023-12-30T16,18ueigk,pics,"Gf just sent me this picture from her boat trip in Gran Canaria",3,1
2023-12-30T16,18uejqu,OnePiece,"I like this type of theorie",69,13
2023-12-30T16,18ueko3,Animemes,"What's your preferred level of violence in an action anime?",59,18
2023-12-30T16,18uep1u,technology,"Top AI expert 'completely terrified' of 2024 election, shaping up to be 'tsunami of misinformation'",66,0
2023-12-30T16,18ueqd0,politics,"Mutiny Erupts in a Michigan G.O.P. Overtaken by Chaos",21,32
2023-12-30T16,18uer56,madlads,"Two madlads",65,0
2023-12-30T16,18uf399,GTA6,"What is your choice?",94,0
2023-12-30T16,18uf7am,memes,"Prepare to enjoy the only ""123123 Day"" in your life",53,0
2023-12-30T16,18uf7s5,BeAmazed,"Cooking all the way ",1,11
2023-12-30T16,18ufcto,theydidthemath,"[RDTM] Watching a YouTube video 1 million times",44,0
2023-12-30T16,18ufgd8,Damnthatsinteresting,"This is what a massive pair of 3000cc, 3 Liters each breast implants looks like",25,0
2023-12-30T16,18ufhde,WhitePeopleTwitter,"I hope this is true. This world needs more laughter.",36,23
2023-12-30T16,18ufhr2,Deltarune,"Found on twitter",90,0
2023-12-30T16,18ufj3d,mapporncirclejerk,"Respondents were asked: Which country would you like your country to be annexed by?",55,0
2023-12-30T16,18ufnxy,Terraria,"If you can't beat them, join them",75,0
2023-12-30T16,18ufpsd,GlowUps,"Homeless Fentanyl Addict‚û°Ô∏è3 Years Clean",85,0
2023-12-30T16,18uftne,gaming,"As Bobby Kotick leaves Microsoft and Activision for good, an ex-employee describes how he once threatened to ""have an employee killed""",46,0
2023-12-30T16,18ufuo6,Hololive,"i just found out this person has been keeping track of fuwamocos bau baus since day one lmao",43,31
2023-12-30T16,18ufvtq,whenthe,"Context in the comments",64,0
2023-12-30T16,18ufwml,dankmemes,R.I.P.,51,0
2023-12-30T16,18ufyd7,shitposting,Racist,93,0
2023-12-30T16,18ug2d6,holdmycatnip,"That escalated quickly",11,0
2023-12-30T16,18ug5iv,ExplainTheJoke,"I loved her hro",97,0
2023-12-30T16,18uggph,tumblr,"In high school, loafing was a major crime.",26,0
2023-12-30T16,18ugq2f,PublicFreakout,"Man that payed for a $2 pizza gets assaulted by police thinking he stole it",31,0
2023-12-30T16,18ugqv7,cats,"My mother just finished crotcheting this wonderful blanket for me. I just wanted to show it to the world, hope that's ok.",54,0
2023-12-30T16,18ugtgh,MadeMeSmile,"The simplest gender reveal",29,0
2023-12-30T16,18uhi0g,clevercomebacks,"for real tho",42,0
2023-12-30T15,18u0h1s,news,"California becomes first state to offer health insurance to all undocumented immigrants",93,-20
2023-12-30T15,18u0j4w,BlackPeopleTwitter,"ITT: What makes you go ""I'm with the boomers on this one""?",55,-16
2023-12-30T15,18u1k1h,NatureIsFuckingLit,"üî•Indian Black Narrowmouth Frog (Melanobatrachus indicus)",92,-20
2023-12-30T15,18u1pqa,toptalent,"Great party trick",65,-17
2023-12-30T15,18u2o5l,Damnthatsinteresting,"Airplane Converted into a house",89,-25
2023-12-30T15,18u2x26,funny,"First Date Ick",42,-10
2023-12-30T15,18u317c,Wellthatsucks,"It‚Äôs a evil world.",64,-13
2023-12-30T15,18u3s1d,cats,"boyfriend broke up with me because he felt like a ‚Äúsecond option‚Äù to my cat. the cat in question:",35,-11
2023-12-30T15,18u44fw,OneOrangeBraincell,"My newly adopted son",87,-19
2023-12-30T15,18u44yq,DOG,"Lola can make her own decisions",96,-23
2023-12-30T15,18u4ejn,Eldenring,"my three favorite dragons in the game",54,-12
2023-12-30T15,18u4i6p,mildlyinfuriating,"Two losers stealing my shoes from a house party",33,-10
2023-12-30T15,18u4s1t,AnimalCrossing,"I crocheted a Lily of the Valley plant and it lights up",39,-9
2023-12-30T15,18u4xg7,memes,"Unexpected meet",56,-10
2023-12-30T15,18u4zw7,todayilearned,"TIL clover used to be part of every lawn as it was cheap and easy to maintain. After WWII pesticide companies declared it a weed and until recently it's been removed from laws.",25,-8
2023-12-30T15,18u58nb,marvelmemes,"Oh, you're right, Storm",29,-10
2023-12-30T15,18u5w52,maybemaybemaybe,"Maybe maybe maybe",52,-3
2023-12-30T15,18u684n,Genshin_Impact,"You can imagine how hot he is",94,-12
2023-12-30T15,18u6iu7,Funnymemes,"Fellas you doing this for your girl?",60,-10
2023-12-30T15,18u6rkn,KidsAreFuckingStupid,"Bro forgot he two-eyedüíÄ",37,-11
2023-12-30T15,18u6vo7,CFB,"[Postgame Thread] Missouri Defeats Ohio State 14-3",72,-14
2023-12-30T15,18u6ysl,JustGuysBeingDudes,"Guys will see this and just think ""hell yeah""",18,-7
2023-12-30T15,18u7cx3,CrazyFuckingVideos,"Let me just squeeze over.",48,-8
2023-12-30T15,18u7fit,AskReddit,"What is the scariest story that you know of with actual photographic proof?",81,-11
2023-12-30T15,18u7gje,whenthe,"Autistic people are so commited",71,-11
2023-12-30T15,18u7jfq,WitchesVsPatriarchy,"Cuddles are also good üôè",78,-9
2023-12-30T15,18u7shu,Eyebleach,"Catch the paw",50,3
2023-12-30T15,18u7x1i,pics,"The headquarters of the Egyptian army",95,-74
2023-12-30T15,18u7zco,technicallythetruth,"I cannot unsee it now",51,-43
2023-12-30T15,18u7zfu,funnyvideos,"Never Forget",27,-2
2023-12-30T15,18u8ek4,AbruptChaos,Stealth....,58,-2
2023-12-30T15,18u8eke,funnyIndia,"New trick unlocked",100,-5
2023-12-30T15,18u8tbc,me_irlgbt,Me_irlgbt,20,-4
2023-12-30T15,18u8zqm,AITAH,"AITA for telling my boyfriend if he chooses his mother in life her better choose her in death too",43,-5
2023-12-30T15,18u9037,worldnews,"Russia unleashes biggest air attack on Ukraine since start of full-scale invasion",45,0
2023-12-30T15,18u92j3,MurderedByWords,"Somebody call the morgue!",14,-4
2023-12-30T15,18u9ctj,gaming,"Games I finished in 2023 (80 games, from best to worst)",84,0
2023-12-30T15,18u9g3p,2meirl4meirl,2meirl4meirl,91,0
2023-12-30T15,18u9h1y,CuratedTumblr,"The lost Phineas and Ferb episode about ocelots",79,-3
2023-12-30T15,18u9kfl,distressingmemes,"I need those extra ten minutes today",85,-4
2023-12-30T15,18u9sab,FortNiteBR,"The state of this game in a nutshell. ",80,3
2023-12-30T15,18u9w6l,ExplainTheJoke,"Surely I‚Äôm overthinking this‚Ä¶",99,0
2023-12-30T15,18u9xnh,FunnyAnimals,"I laughed so hard",47,8
2023-12-30T15,18ua8ex,HumansBeingBros,"Mark Potter let his opponent with Down Syndrome win",8,-4
2023-12-30T15,18uaa2z,fixedbytheduet,"üóø",67,4
2023-12-30T15,18uac77,interestingasfuck,"When a gasoline tanker crashes",9,-4
2023-12-30T15,18uafco,nextfuckinglevel,"Competitive cheerleaders are on a different level",32,1
2023-12-30T15,18uahcg,Gamingcirclejerk,"Gamers have spoken",88,0
2023-12-30T15,18uallo,aww,"Trying my best to draw him",10,-1
2023-12-30T15,18uaof0,chaoticgood,"Filibustering to protect trans rights",34,3
2023-12-30T15,18uau6g,nba,"LeBron James is now 39 years old!",83,0
2023-12-30T15,18uaud8,Awww,Awww,6,-3
2023-12-30T15,18uax9c,mathmemes,"Simplify this inequality (You won't regret it)",68,-1
2023-12-30T15,18uaxkb,Satisfyingasfuck,"Very very satisfying. Great work.ü•∞",70,9
2023-12-30T15,18ub3uc,TrueOffMyChest,"i just saw a dead baby",62,3
2023-12-30T15,18ub54p,MemeVideos,*sniff*,30,-2
2023-12-30T15,18ubdvw,MinecraftMemes,"I like the classic one better",15,-3
2023-12-30T15,18ubh0p,oddlysatisfying,"3d printing a swirling tree",16,2
2023-12-30T15,18ubk49,europe,"Tatev Monastery, Armenia",86,7
2023-12-30T15,18ubvac,meirl,meirl,19,73
2023-12-30T15,18ubygx,facepalm,"Threaten us with a good time, why don't you?",3,-2
2023-12-30T15,18uc5ju,facepalm,"Least delusional Twitter user",24,38
2023-12-30T15,18uc5ld,NoStupidQuestions,"My daughter (17) is dating a 38-year-old man, what can I do to make it stop?",38,21
2023-12-30T15,18ucacp,HonkaiStarRail,"Ruin Me",46,6
2023-12-30T15,18ucbv4,ProgrammerHumor,btnButton,49,0
2023-12-30T15,18ucew8,technicallythetruth,"don‚Äôt have the money",7,29
2023-12-30T15,18ucl53,thisismylifenow,"Best and easiest job in the world",76,0
2023-12-30T15,18ucr40,NonPoliticalTwitter,"Let's leave them in 2023",40,23
2023-12-30T15,18ucsa7,AskUK,"Major rift in friend group after round-buying dispute. What would you have done?",97,2
2023-12-30T15,18ucwu5,shitposting,"What a nice pussy",11,-4
2023-12-30T15,18uczr7,AnarchyChess,"ATTENTION!!! WE ARE STARTING A REBELLION AGAINST 1984 POLICE!!! JOIN r\SAVEANARCHYCHESS AND UPVOTE THIS POST SO MORE PEOPLE WILL SEE US!!!",69,8
2023-12-30T15,18ud06v,comics,"Swipe to see what your quest is and your potion effects",13,2
2023-12-30T15,18ud0h4,SquaredCircle,"Former AEW wrestler Kylie Rae seemingly confirms rumor of Chris Jericho sexual misconduct towards her.",66,14
2023-12-30T15,18ud4ov,me_irl,me_irl,23,0
2023-12-30T15,18ud8vf,PoliticalCompassMemes,"is this genocide ?",73,2
2023-12-30T15,18udazr,SipsTea,"Wtf is wrong with her",21,13
2023-12-30T15,18udb2m,cursedcomments,cursed_character.ai,63,0
2023-12-30T15,18udczn,CozyPlaces,"10.30am and still dark here in the UK. A blanket and movie day I think!",36,18
2023-12-30T15,18udheq,blackmagicfuckery,"It is really unbelievable.",28,0
2023-12-30T15,18udjd0,pcmasterrace,"buying the rtx 4090 in china be like",57,0
2023-12-30T15,18udlnc,PeterExplainsTheJoke,"Petah I don't get it",17,14
2023-12-30T15,18udlsx,formuladank,"Spotted in a bar in Thailand...",41,0
2023-12-30T15,18udnkf,wholesomememes,"wholesome Christianity",1,1
2023-12-30T15,18uds7s,WhitePeopleTwitter,"That's a good deal",5,15
2023-12-30T15,18udsqo,discordVideos,"Your insecure",61,0
2023-12-30T15,18udt3z,Unexpected,"Traditional Christmas morning ",2,4
2023-12-30T15,18ududo,crochet,"My mother just finished this wonderful blanket for me. I just wanted to show it to the world, hope that's ok.",26,0
2023-12-30T15,18udxiz,halo,"i am truly conflicted",44,44
2023-12-30T15,18ue03b,BikiniBottomTwitter,"Asking the real questions here",31,30
2023-12-30T15,18uei9c,nottheonion,"Sacred Stones Worshipped For Generations In India Turn Out To Be Dinosaur Eggs",22,67
2023-12-30T15,18ueigk,pics,"Gf just sent me this picture from her boat trip in Gran Canaria",4,0
2023-12-30T15,18uejqu,OnePiece,"I like this type of theorie",82,0
2023-12-30T15,18ueko3,Animemes,"What's your preferred level of violence in an action anime?",77,0
2023-12-30T15,18ueqd0,politics,"Mutiny Erupts in a Michigan G.O.P. Overtaken by Chaos",53,0
2023-12-30T15,18uev8x,holdmycatnip,"Total chaos!",90,0
2023-12-30T15,18uex9u,MadeMeSmile,"The cutest opossum I have ever seen!",98,0
2023-12-30T15,18uf7s5,BeAmazed,"Cooking all the way ",12,0
2023-12-30T15,18ufclj,PublicFreakout,"the police arrest a minor involved in drug trafficking and find out he's actually turning 18 the same day",75,0
2023-12-30T15,18ufhde,WhitePeopleTwitter,"I hope this is true. This world needs more laughter.",59,0
2023-12-30T15,18ufuo6,Hololive,"i just found out this person has been keeping track of fuwamocos bau baus since day one lmao",74,0
2023-12-30T14,18tx4lb,DIY,"My first attempt at a wacky furniture piece.",85,-22
2023-12-30T14,18tzd0a,nba,"Victor Wembanyama: ""To me... probably on Earth [Vegas is] the closest thing to a dystopia, so, I'm not the biggest fan of Vegas""",86,-20
2023-12-30T14,18tzguu,nostalgia,"The beloved 'wrong-way' loop in phone cords",100,-24
2023-12-30T14,18u0a8e,badroommates,"Worst Roommate to ever Exist",90,-21
2023-12-30T14,18u0h1s,news,"California becomes first state to offer health insurance to all undocumented immigrants",73,-16
2023-12-30T14,18u0j4w,BlackPeopleTwitter,"ITT: What makes you go ""I'm with the boomers on this one""?",39,54
2023-12-30T14,18u1k1h,NatureIsFuckingLit,"üî•Indian Black Narrowmouth Frog (Melanobatrachus indicus)",72,-14
2023-12-30T14,18u1pqa,toptalent,"Great party trick",48,-15
2023-12-30T14,18u2btw,me_irl,me_irl,27,-9
2023-12-30T14,18u2nfl,gaming,"CYBERPUNK 2077 maxed out with path-tracing really is eye candy",96,-22
2023-12-30T14,18u2o5l,Damnthatsinteresting,"Airplane Converted into a house",64,-17
2023-12-30T14,18u2vp8,crochet,"I'm a beginner. I didn't take into consideration dimensional changes with yarn size",43,-12
2023-12-30T14,18u2x26,funny,"First Date Ick",32,-10
2023-12-30T14,18u317c,Wellthatsucks,"It‚Äôs a evil world.",51,-11
2023-12-30T14,18u3a1c,meirl,Meirl,29,-9
2023-12-30T14,18u3if8,MapPorn,"Most popular sport in the world",91,-11
2023-12-30T14,18u3s1d,cats,"boyfriend broke up with me because he felt like a ‚Äúsecond option‚Äù to my cat. the cat in question:",24,-9
2023-12-30T14,18u44fw,OneOrangeBraincell,"My newly adopted son",68,-12
2023-12-30T14,18u469f,politics,"Yes, Trump should be removed from the ballot",57,-9
2023-12-30T14,18u4ejn,Eldenring,"my three favorite dragons in the game",42,-7
2023-12-30T14,18u4i6p,mildlyinfuriating,"Two losers stealing my shoes from a house party",23,-7
2023-12-30T14,18u4s1t,AnimalCrossing,"I crocheted a Lily of the Valley plant and it lights up",30,-9
2023-12-30T14,18u4xg7,memes,"Unexpected meet",46,-7
2023-12-30T14,18u4zw7,todayilearned,"TIL clover used to be part of every lawn as it was cheap and easy to maintain. After WWII pesticide companies declared it a weed and until recently it's been removed from laws.",17,-8
2023-12-30T14,18u53lx,Gamingcirclejerk,"Pronouns Rant Guy was right all along!",87,-17
2023-12-30T14,18u58nb,marvelmemes,"Oh, you're right, Storm",19,-6
2023-12-30T14,18u59k0,interestingasfuck,"Finding your car using science",97,-18
2023-12-30T14,18u5c9d,blackmagicfuckery,"Water physics is broken",22,-8
2023-12-30T14,18u5lan,Costco,"Congratulations Norfolk Virginia",98,-8
2023-12-30T14,18u5mk6,WhitePeopleTwitter,"So much for doing your own research Charlie",84,-65
2023-12-30T14,18u5w52,maybemaybemaybe,"Maybe maybe maybe",49,1
2023-12-30T14,18u684n,Genshin_Impact,"You can imagine how hot he is",82,-11
2023-12-30T14,18u6iu7,Funnymemes,"Fellas you doing this for your girl?",50,-5
2023-12-30T14,18u6rkn,KidsAreFuckingStupid,"Bro forgot he two-eyedüíÄ",26,-3
2023-12-30T14,18u6vo7,CFB,"[Postgame Thread] Missouri Defeats Ohio State 14-3",58,-12
2023-12-30T14,18u6xfs,BeAmazed,"The new style Beat Box",66,0
2023-12-30T14,18u6ysl,JustGuysBeingDudes,"Guys will see this and just think ""hell yeah""",11,-5
2023-12-30T14,18u7cx3,CrazyFuckingVideos,"Let me just squeeze over.",40,-6
2023-12-30T14,18u7fit,AskReddit,"What is the scariest story that you know of with actual photographic proof?",70,-8
2023-12-30T14,18u7gje,whenthe,"Autistic people are so commited",60,-7
2023-12-30T14,18u7jfq,WitchesVsPatriarchy,"Cuddles are also good üôè",69,-8
2023-12-30T14,18u7shu,Eyebleach,"Catch the paw",53,6
2023-12-30T14,18u7x1i,pics,"The headquarters of the Egyptian army",21,3
2023-12-30T14,18u7zco,technicallythetruth,"I cannot unsee it now",8,-3
2023-12-30T14,18u7zfu,funnyvideos,"Never Forget",25,1
2023-12-30T14,18u8ek4,AbruptChaos,Stealth....,56,-1
2023-12-30T14,18u8eke,funnyIndia,"New trick unlocked",95,0
2023-12-30T14,18u8syx,me_irlgbt,"Meüõπirlgbt",94,-12
2023-12-30T14,18u8tbc,me_irlgbt,Me_irlgbt,16,-5
2023-12-30T14,18u8zqm,AITAH,"AITA for telling my boyfriend if he chooses his mother in life her better choose her in death too",38,-1
2023-12-30T14,18u9037,worldnews,"Russia unleashes biggest air attack on Ukraine since start of full-scale invasion",45,6
2023-12-30T14,18u92j3,MurderedByWords,"Somebody call the morgue!",10,-2
2023-12-30T14,18u9h1y,CuratedTumblr,"The lost Phineas and Ferb episode about ocelots",76,-3
2023-12-30T14,18u9kfl,distressingmemes,"I need those extra ten minutes today",81,2
2023-12-30T14,18u9sab,FortNiteBR,"The state of this game in a nutshell. ",83,9
2023-12-30T14,18u9xnh,FunnyAnimals,"I laughed so hard",55,9
2023-12-30T14,18ua8ex,HumansBeingBros,"Mark Potter let his opponent with Down Syndrome win",4,-2
2023-12-30T14,18uaa2z,fixedbytheduet,"üóø",71,6
2023-12-30T14,18uac77,interestingasfuck,"When a gasoline tanker crashes",5,-1
2023-12-30T14,18uafco,nextfuckinglevel,"Competitive cheerleaders are on a different level",33,5
2023-12-30T14,18uallo,aww,"Trying my best to draw him",9,8
2023-12-30T14,18uaof0,chaoticgood,"Filibustering to protect trans rights",37,12
2023-12-30T14,18uau9a,ProgrammerHumor,storyOfCoreJsInShort,41,27
2023-12-30T14,18uaud8,Awww,Awww,3,-2
2023-12-30T14,18uax9c,mathmemes,"Simplify this inequality (You won't regret it)",67,0
2023-12-30T14,18uaxkb,Satisfyingasfuck,"Very very satisfying. Great work.ü•∞",79,19
2023-12-30T14,18ub3uc,TrueOffMyChest,"i just saw a dead baby",65,0
2023-12-30T14,18ub54p,MemeVideos,*sniff*,28,2
2023-12-30T14,18ubdvw,MinecraftMemes,"I like the classic one better",12,0
2023-12-30T14,18ubh0p,oddlysatisfying,"3d printing a swirling tree",18,10
2023-12-30T14,18ubk49,europe,"Tatev Monastery, Armenia",93,0
2023-12-30T14,18ubkss,DOG,"Dog rescue",13,19
2023-12-30T14,18ubvac,meirl,meirl,92,0
2023-12-30T14,18ubygx,facepalm,"Threaten us with a good time, why don't you?",1,2
2023-12-30T14,18uc0r8,formuladank,"Appreciation post",44,8
2023-12-30T14,18uc5ju,facepalm,"Least delusional Twitter user",62,-35
2023-12-30T14,18uc5ld,NoStupidQuestions,"My daughter (17) is dating a 38-year-old man, what can I do to make it stop?",59,0
2023-12-30T14,18ucacp,HonkaiStarRail,"Ruin Me",52,0
2023-12-30T14,18ucew8,technicallythetruth,"don‚Äôt have the money",36,42
2023-12-30T14,18ucr40,NonPoliticalTwitter,"Let's leave them in 2023",63,0
2023-12-30T14,18ucsa7,AskUK,"Major rift in friend group after round-buying dispute. What would you have done?",99,0
2023-12-30T14,18ucwu5,shitposting,"What a nice pussy",7,0
2023-12-30T14,18uczr7,AnarchyChess,"ATTENTION!!! WE ARE STARTING A REBELLION AGAINST 1984 POLICE!!! JOIN r\SAVEANARCHYCHESS AND UPVOTE THIS POST SO MORE PEOPLE WILL SEE US!!!",77,23
2023-12-30T14,18ud06v,comics,"Swipe to see what your quest is and your potion effects",15,0
2023-12-30T14,18ud0h4,SquaredCircle,"Former AEW wrestler Kylie Rae seemingly confirms rumor of Chris Jericho sexual misconduct towards her.",80,0
2023-12-30T14,18ud8f6,discordVideos,"üòÇüòÇüòÇ",74,0
2023-12-30T14,18ud8vf,PoliticalCompassMemes,"is this genocide ?",75,0
2023-12-30T14,18udazr,SipsTea,"Wtf is wrong with her",34,0
2023-12-30T14,18udc2f,Whatcouldgowrong,"WCGW attacking an adult",47,0
2023-12-30T14,18udczn,CozyPlaces,"10.30am and still dark here in the UK. A blanket and movie day I think!",54,0
2023-12-30T14,18udf1i,rareinsults,"A prenuptial outfit",78,0
2023-12-30T14,18udlnc,PeterExplainsTheJoke,"Petah I don't get it",31,0
2023-12-30T14,18udnkf,wholesomememes,"wholesome Christianity",2,27
2023-12-30T14,18uds7s,WhitePeopleTwitter,"That's a good deal",20,0
2023-12-30T14,18udt3z,Unexpected,"Traditional Christmas morning ",6,0
2023-12-30T14,18udv0i,facepalm,"Feel like this should belong here",14,0
2023-12-30T14,18udxiz,halo,"i am truly conflicted",88,0
2023-12-30T14,18ue03b,BikiniBottomTwitter,"Asking the real questions here",61,0
2023-12-30T14,18uei9c,nottheonion,"Sacred Stones Worshipped For Generations In India Turn Out To Be Dinosaur Eggs",89,0
2023-12-30T14,18uetze,ThatsInsane,"Sucker Puncher get smoked",35,0
2023-12-30T13,18tx4lb,DIY,"My first attempt at a wacky furniture piece.",63,-13
2023-12-30T13,18tzd0a,nba,"Victor Wembanyama: ""To me... probably on Earth [Vegas is] the closest thing to a dystopia, so, I'm not the biggest fan of Vegas""",66,-13
2023-12-30T13,18tzguu,nostalgia,"The beloved 'wrong-way' loop in phone cords",76,-11
2023-12-30T13,18tzvrv,theydidthemath,"[request]how many pennies will be needed to make this",81,-14
2023-12-30T13,18tzyfd,tumblr,"Hey look lois I became Garfield",88,-14
2023-12-30T13,18tzyqz,MadeMeSmile,"Nothing like making your parent‚Äôs dream come true on Christmas ",87,-8
2023-12-30T13,18u02qi,holdmycatnip,"The disrespect ",85,-8
2023-12-30T13,18u0a8e,badroommates,"Worst Roommate to ever Exist",69,-14
2023-12-30T13,18u0bw2,Overwatch,"Activision Blizzard employee speaks mind after Bobby Kotick departure",91,-11
2023-12-30T13,18u0h1s,news,"California becomes first state to offer health insurance to all undocumented immigrants",57,-14
2023-12-30T13,18u0j4w,BlackPeopleTwitter,"ITT: What makes you go ""I'm with the boomers on this one""?",93,-70
2023-12-30T13,18u1fpz,BeAmazed,"Power Of A Woman",54,-18
2023-12-30T13,18u1k1h,NatureIsFuckingLit,"üî•Indian Black Narrowmouth Frog (Melanobatrachus indicus)",58,-12
2023-12-30T13,18u1pqa,toptalent,"Great party trick",33,-7
2023-12-30T13,18u2btw,me_irl,me_irl,18,-1
2023-12-30T13,18u2h6e,gifsthatkeepongiving,"Frosty the snowmans",96,-3
2023-12-30T13,18u2nfl,gaming,"CYBERPUNK 2077 maxed out with path-tracing really is eye candy",74,-10
2023-12-30T13,18u2o5l,Damnthatsinteresting,"Airplane Converted into a house",47,53
2023-12-30T13,18u2ot2,adventuretime,"And honestly I don‚Äôt blame him",86,-8
2023-12-30T13,18u2vp8,crochet,"I'm a beginner. I didn't take into consideration dimensional changes with yarn size",31,-4
2023-12-30T13,18u2x26,funny,"First Date Ick",22,-3
2023-12-30T13,18u317c,Wellthatsucks,"It‚Äôs a evil world.",40,-10
2023-12-30T13,18u373f,nottheonion,"Philadelphia passes ski mask ban: 'Take them jawns off'",75,-9
2023-12-30T13,18u3a1c,meirl,Meirl,20,-2
2023-12-30T13,18u3e0i,SipsTea,"He Can't Keep Getting Away With This",44,-7
2023-12-30T13,18u3if8,MapPorn,"Most popular sport in the world",80,1
2023-12-30T13,18u3jid,iamatotalpieceofshit,"2 cops in Kentucky threw slushies from their car at 20+ innocent civilians.",94,-4
2023-12-30T13,18u3s1d,cats,"boyfriend broke up with me because he felt like a ‚Äúsecond option‚Äù to my cat. the cat in question:",15,-4
2023-12-30T13,18u3sza,Unexpected,"He was dying to try this.",60,10
2023-12-30T13,18u44fw,OneOrangeBraincell,"My newly adopted son",56,-9
2023-12-30T13,18u469f,politics,"Yes, Trump should be removed from the ballot",48,45
2023-12-30T13,18u49va,wholesome,"Always look on the bright side.",42,-7
2023-12-30T13,18u4ejn,Eldenring,"my three favorite dragons in the game",35,-7
2023-12-30T13,18u4i6p,mildlyinfuriating,"Two losers stealing my shoes from a house party",16,-1
2023-12-30T13,18u4k6j,discordVideos,"Death is upon us.",99,-3
2023-12-30T13,18u4s1t,AnimalCrossing,"I crocheted a Lily of the Valley plant and it lights up",21,-1
2023-12-30T13,18u4xg7,memes,"Unexpected meet",39,-5
2023-12-30T13,18u4zw7,todayilearned,"TIL clover used to be part of every lawn as it was cheap and easy to maintain. After WWII pesticide companies declared it a weed and until recently it's been removed from laws.",9,0
2023-12-30T13,18u53lx,Gamingcirclejerk,"Pronouns Rant Guy was right all along!",70,-8
2023-12-30T13,18u58nb,marvelmemes,"Oh, you're right, Storm",13,0
2023-12-30T13,18u59k0,interestingasfuck,"Finding your car using science",79,-16
2023-12-30T13,18u5c9d,blackmagicfuckery,"Water physics is broken",14,-4
2023-12-30T13,18u5f4g,mildlyinteresting,"My mom got me a stress doll for Christmas and the TSA thought he was drugs :(",41,-9
2023-12-30T13,18u5lan,Costco,"Congratulations Norfolk Virginia",90,-6
2023-12-30T13,18u5mk6,WhitePeopleTwitter,"So much for doing your own research Charlie",19,2
2023-12-30T13,18u5p83,therewasanattempt,"To belittle a pornstar",89,-4
2023-12-30T13,18u5w52,maybemaybemaybe,"Maybe maybe maybe",50,0
2023-12-30T13,18u684n,Genshin_Impact,"You can imagine how hot he is",71,1
2023-12-30T13,18u6iu7,Funnymemes,"Fellas you doing this for your girl?",45,-1
2023-12-30T13,18u6rkn,KidsAreFuckingStupid,"Bro forgot he two-eyedüíÄ",23,-1
2023-12-30T13,18u6vlx,BlackPeopleTwitter,"I think about this like every other day",25,50
2023-12-30T13,18u6vo7,CFB,"[Postgame Thread] Missouri Defeats Ohio State 14-3",46,-8
2023-12-30T13,18u6ysl,JustGuysBeingDudes,"Guys will see this and just think ""hell yeah""",6,0
2023-12-30T13,18u7cx3,CrazyFuckingVideos,"Let me just squeeze over.",34,-5
2023-12-30T13,18u7fit,AskReddit,"What is the scariest story that you know of with actual photographic proof?",62,-3
2023-12-30T13,18u7gje,whenthe,"Autistic people are so commited",53,-5
2023-12-30T13,18u7jfq,WitchesVsPatriarchy,"Cuddles are also good üôè",61,-1
2023-12-30T13,18u7klh,midjourney,"I wonder if Americans will ever vote a gay couple as President and First Gentleman into the White House ü§î",97,0
2023-12-30T13,18u7shu,Eyebleach,"Catch the paw",59,9
2023-12-30T13,18u7ty6,perfectlycutscreams,"Imma beat your ass- aaaaaaaaa",10,6
2023-12-30T13,18u7x1i,pics,"The headquarters of the Egyptian army",24,73
2023-12-30T13,18u7zco,technicallythetruth,"I cannot unsee it now",5,-2
2023-12-30T13,18u7zfu,funnyvideos,"Never Forget",26,7
2023-12-30T13,18u8bq3,pcmasterrace,"Thought this deserved to be here unironically",36,4
2023-12-30T13,18u8ek4,AbruptChaos,Stealth....,55,-1
2023-12-30T13,18u8syx,me_irlgbt,"Meüõπirlgbt",82,-13
2023-12-30T13,18u8tbc,me_irlgbt,Me_irlgbt,11,1
2023-12-30T13,18u8zqm,AITAH,"AITA for telling my boyfriend if he chooses his mother in life her better choose her in death too",37,4
2023-12-30T13,18u9037,worldnews,"Russia unleashes biggest air attack on Ukraine since start of full-scale invasion",51,6
2023-12-30T13,18u92j3,MurderedByWords,"Somebody call the morgue!",8,6
2023-12-30T13,18u9ak9,HonkaiStarRail,"Reward for Being Employee of the Month!(Art by rustysalmon orTx10)",72,11
2023-12-30T13,18u9h1y,CuratedTumblr,"The lost Phineas and Ferb episode about ocelots",73,9
2023-12-30T13,18u9kfl,distressingmemes,"I need those extra ten minutes today",83,11
2023-12-30T13,18u9sab,FortNiteBR,"The state of this game in a nutshell. ",92,0
2023-12-30T13,18u9t48,comics,"üê∑üê∑[OC]",43,0
2023-12-30T13,18u9xnh,FunnyAnimals,"I laughed so hard",64,23
2023-12-30T13,18ua8ex,HumansBeingBros,"Mark Potter let his opponent with Down Syndrome win",2,0
2023-12-30T13,18uaa2z,fixedbytheduet,"üóø",77,21
2023-12-30T13,18uac77,interestingasfuck,"When a gasoline tanker crashes",4,3
2023-12-30T13,18uafco,nextfuckinglevel,"Competitive cheerleaders are on a different level",38,18
2023-12-30T13,18uallo,aww,"Trying my best to draw him",17,22
2023-12-30T13,18uaof0,chaoticgood,"Filibustering to protect trans rights",49,22
2023-12-30T13,18uau9a,ProgrammerHumor,storyOfCoreJsInShort,68,0
2023-12-30T13,18uaud8,Awww,Awww,1,0
2023-12-30T13,18uax9c,mathmemes,"Simplify this inequality (You won't regret it)",67,22
2023-12-30T13,18uaxkb,Satisfyingasfuck,"Very very satisfying. Great work.ü•∞",98,0
2023-12-30T13,18ub3uc,TrueOffMyChest,"i just saw a dead baby",65,11
2023-12-30T13,18ub54p,MemeVideos,*sniff*,30,19
2023-12-30T13,18ubdkz,CricketShitpost,"Pat Cummins: 'Yeah, cool. They played well but we won. In the end, what matters is who won the match' ‚úÖ",95,0
2023-12-30T13,18ubdvw,MinecraftMemes,"I like the classic one better",12,12
2023-12-30T13,18ubh0p,oddlysatisfying,"3d printing a swirling tree",28,30
2023-12-30T13,18ubkss,DOG,"Dog rescue",32,0
2023-12-30T13,18ubygx,facepalm,"Threaten us with a good time, why don't you?",3,48
2023-12-30T13,18uc0r8,formuladank,"Appreciation post",52,34
2023-12-30T13,18uc5ju,facepalm,"Least delusional Twitter user",27,0
2023-12-30T13,18ucew8,technicallythetruth,"don‚Äôt have the money",78,0
2023-12-30T13,18ucwu5,shitposting,"What a nice pussy",7,18
2023-12-30T13,18uczr7,AnarchyChess,"ATTENTION!!! WE ARE STARTING A REBELLION AGAINST 1984 POLICE!!! JOIN r\SAVEANARCHYCHESS AND UPVOTE THIS POST SO MORE PEOPLE WILL SEE US!!!",100,0
2023-12-30T13,18udnkf,wholesomememes,"wholesome Christianity",29,0
2023-12-30T13,18udqs8,rareinsults,"Wife is breastfeeding and I‚Äôm in bed...",84,0
2023-12-30T12,18tu3n6,PoliticalHumor,"And with her actions alone she made the world a better place",95,-20
2023-12-30T12,18twmdv,pettyrevenge,"Dressed overly casual at a designer store so that the rude sales rep wouldn‚Äôt get commission",92,-20
2023-12-30T12,18tx4lb,DIY,"My first attempt at a wacky furniture piece.",50,-10
2023-12-30T12,18tzd0a,nba,"Victor Wembanyama: ""To me... probably on Earth [Vegas is] the closest thing to a dystopia, so, I'm not the biggest fan of Vegas""",53,-10
2023-12-30T12,18tzeg6,politics,"Appeals Court Says Trump Can‚Äôt Use Presidency to Avoid Capitol Police Lawsuits",45,-9
2023-12-30T12,18tzguu,nostalgia,"The beloved 'wrong-way' loop in phone cords",65,-11
2023-12-30T12,18tzvrv,theydidthemath,"[request]how many pennies will be needed to make this",67,-11
2023-12-30T12,18tzyfd,tumblr,"Hey look lois I became Garfield",74,-16
2023-12-30T12,18tzyqz,MadeMeSmile,"Nothing like making your parent‚Äôs dream come true on Christmas ",79,-15
2023-12-30T12,18u02qi,holdmycatnip,"The disrespect ",77,-16
2023-12-30T12,18u06pz,TikTokCringe,"Cat's response to returning from work",99,-10
2023-12-30T12,18u0a8e,badroommates,"Worst Roommate to ever Exist",55,-11
2023-12-30T12,18u0bw2,Overwatch,"Activision Blizzard employee speaks mind after Bobby Kotick departure",80,-17
2023-12-30T12,18u0h1s,news,"California becomes first state to offer health insurance to all undocumented immigrants",43,-8
2023-12-30T12,18u0j4w,BlackPeopleTwitter,"ITT: What makes you go ""I'm with the boomers on this one""?",23,-3
2023-12-30T12,18u0k7l,GenZ,"Maine is the second state to block Trump from the ballot",61,-9
2023-12-30T12,18u0kgy,AntiTrumpAlliance,"He‚Äôs got my vote.",91,-17
2023-12-30T12,18u1c5r,pics,"Arnold Schwarzenegger visits with Lucy and Danny Devito on the stage of ""I Need That,"" December 2023",31,-3
2023-12-30T12,18u1fpz,BeAmazed,"Power Of A Woman",36,-5
2023-12-30T12,18u1k1h,NatureIsFuckingLit,"üî•Indian Black Narrowmouth Frog (Melanobatrachus indicus)",46,-7
2023-12-30T12,18u1pqa,toptalent,"Great party trick",26,-2
2023-12-30T12,18u2btw,me_irl,me_irl,17,-6
2023-12-30T12,18u2h6e,gifsthatkeepongiving,"Frosty the snowmans",93,-9
2023-12-30T12,18u2nfl,gaming,"CYBERPUNK 2077 maxed out with path-tracing really is eye candy",64,-9
2023-12-30T12,18u2o5l,Damnthatsinteresting,"Airplane Converted into a house",100,-19
2023-12-30T12,18u2ot2,adventuretime,"And honestly I don‚Äôt blame him",78,-16
2023-12-30T12,18u2vp8,crochet,"I'm a beginner. I didn't take into consideration dimensional changes with yarn size",27,-1
2023-12-30T12,18u2x26,funny,"First Date Ick",19,-3
2023-12-30T12,18u317c,Wellthatsucks,"It‚Äôs a evil world.",30,-1
2023-12-30T12,18u373f,nottheonion,"Philadelphia passes ski mask ban: 'Take them jawns off'",66,-7
2023-12-30T12,18u386l,maybemaybemaybe,"Maybe Maybe Maybe ",52,-2
2023-12-30T12,18u3a1c,meirl,Meirl,18,-3
2023-12-30T12,18u3e0i,SipsTea,"He Can't Keep Getting Away With This",37,1
2023-12-30T12,18u3if8,MapPorn,"Most popular sport in the world",81,-3
2023-12-30T12,18u3jid,iamatotalpieceofshit,"2 cops in Kentucky threw slushies from their car at 20+ innocent civilians.",90,-13
2023-12-30T12,18u3s1d,cats,"boyfriend broke up with me because he felt like a ‚Äúsecond option‚Äù to my cat. the cat in question:",11,-2
2023-12-30T12,18u3sza,Unexpected,"He was dying to try this.",70,0
2023-12-30T12,18u44fw,OneOrangeBraincell,"My newly adopted son",47,-5
2023-12-30T12,18u44yq,DOG,"Lola can make her own decisions",73,0
2023-12-30T12,18u49va,wholesome,"Always look on the bright side.",35,2
2023-12-30T12,18u4ejn,Eldenring,"my three favorite dragons in the game",28,2
2023-12-30T12,18u4i6p,mildlyinfuriating,"Two losers stealing my shoes from a house party",15,-2
2023-12-30T12,18u4k6j,discordVideos,"Death is upon us.",96,-9
2023-12-30T12,18u4s1t,AnimalCrossing,"I crocheted a Lily of the Valley plant and it lights up",20,-3
2023-12-30T12,18u4xg7,memes,"Unexpected meet",34,61
2023-12-30T12,18u4zw7,todayilearned,"TIL clover used to be part of every lawn as it was cheap and easy to maintain. After WWII pesticide companies declared it a weed and until recently it's been removed from laws.",9,-4
2023-12-30T12,18u53lx,Gamingcirclejerk,"Pronouns Rant Guy was right all along!",62,-5
2023-12-30T12,18u58nb,marvelmemes,"Oh, you're right, Storm",13,-1
2023-12-30T12,18u596h,comics,HICCUPS.,42,5
2023-12-30T12,18u59k0,interestingasfuck,"Finding your car using science",63,-1
2023-12-30T12,18u5c9d,blackmagicfuckery,"Water physics is broken",10,0
2023-12-30T12,18u5f4g,mildlyinteresting,"My mom got me a stress doll for Christmas and the TSA thought he was drugs :(",32,1
2023-12-30T12,18u5lan,Costco,"Congratulations Norfolk Virginia",84,-8
2023-12-30T12,18u5mk6,WhitePeopleTwitter,"So much for doing your own research Charlie",21,-2
2023-12-30T12,18u5p83,therewasanattempt,"To belittle a pornstar",85,-2
2023-12-30T12,18u63tj,shitposting,"It'll require double the effort",88,-61
2023-12-30T12,18u684n,Genshin_Impact,"You can imagine how hot he is",72,-1
2023-12-30T12,18u6coa,AbsoluteUnits,"Hardcore fishing.",8,-2
2023-12-30T12,18u6iu7,Funnymemes,"Fellas you doing this for your girl?",44,5
2023-12-30T12,18u6kxw,facepalm,"""Thousand cock stare"" ???",5,-3
2023-12-30T12,18u6rkn,KidsAreFuckingStupid,"Bro forgot he two-eyedüíÄ",22,1
2023-12-30T12,18u6vlx,BlackPeopleTwitter,"I think about this like every other day",75,-8
2023-12-30T12,18u6vo7,CFB,"[Postgame Thread] Missouri Defeats Ohio State 14-3",38,-4
2023-12-30T12,18u6ysl,JustGuysBeingDudes,"Guys will see this and just think ""hell yeah""",6,-2
2023-12-30T12,18u7cx3,CrazyFuckingVideos,"Let me just squeeze over.",29,3
2023-12-30T12,18u7fit,AskReddit,"What is the scariest story that you know of with actual photographic proof?",59,9
2023-12-30T12,18u7gje,whenthe,"Autistic people are so commited",48,-3
2023-12-30T12,18u7jfq,WitchesVsPatriarchy,"Cuddles are also good üôè",60,5
2023-12-30T12,18u7shu,Eyebleach,"Catch the paw",68,17
2023-12-30T12,18u7ty6,perfectlycutscreams,"Imma beat your ass- aaaaaaaaa",16,2
2023-12-30T12,18u7x1i,pics,"The headquarters of the Egyptian army",97,0
2023-12-30T12,18u7zco,technicallythetruth,"I cannot unsee it now",3,0
2023-12-30T12,18u7zfu,funnyvideos,"Never Forget",33,0
2023-12-30T12,18u8bq3,pcmasterrace,"Thought this deserved to be here unironically",40,20
2023-12-30T12,18u8ek4,AbruptChaos,Stealth....,54,12
2023-12-30T12,18u8syx,me_irlgbt,"Meüõπirlgbt",69,1
2023-12-30T12,18u8tbc,me_irlgbt,Me_irlgbt,12,2
2023-12-30T12,18u8zqm,AITAH,"AITA for telling my boyfriend if he chooses his mother in life her better choose her in death too",41,7
2023-12-30T12,18u9037,worldnews,"Russia unleashes biggest air attack on Ukraine since start of full-scale invasion",57,23
2023-12-30T12,18u92j3,MurderedByWords,"Somebody call the morgue!",14,8
2023-12-30T12,18u9ak9,HonkaiStarRail,"Reward for Being Employee of the Month!(Art by rustysalmon orTx10)",83,0
2023-12-30T12,18u9h1y,CuratedTumblr,"The lost Phineas and Ferb episode about ocelots",82,6
2023-12-30T12,18u9kfl,distressingmemes,"I need those extra ten minutes today",94,0
2023-12-30T12,18u9xnh,FunnyAnimals,"I laughed so hard",87,0
2023-12-30T12,18ua8ex,HumansBeingBros,"Mark Potter let his opponent with Down Syndrome win",2,6
2023-12-30T12,18uaa2z,fixedbytheduet,"üóø",98,0
2023-12-30T12,18uac5d,Damnthatsinteresting,"A stone sphere worshipped by Indian farmers for generations has turned out to be a fossilised dinosaur egg.",4,21
2023-12-30T12,18uac77,interestingasfuck,"When a gasoline tanker crashes",7,14
2023-12-30T12,18uafco,nextfuckinglevel,"Competitive cheerleaders are on a different level",56,40
2023-12-30T12,18uallo,aww,"Trying my best to draw him",39,0
2023-12-30T12,18uaof0,chaoticgood,"Filibustering to protect trans rights",71,0
2023-12-30T12,18uaud8,Awww,Awww,1,6
2023-12-30T12,18uax9c,mathmemes,"Simplify this inequality (You won't regret it)",89,0
2023-12-30T12,18ub3uc,TrueOffMyChest,"i just saw a dead baby",76,23
2023-12-30T12,18ub54p,MemeVideos,*sniff*,49,0
2023-12-30T12,18ubdvw,MinecraftMemes,"I like the classic one better",24,55
2023-12-30T12,18ubh0p,oddlysatisfying,"3d printing a swirling tree",58,0
2023-12-30T12,18ubygx,facepalm,"Threaten us with a good time, why don't you?",51,0
2023-12-30T12,18uc0r8,formuladank,"Appreciation post",86,0
2023-12-30T12,18ucwu5,shitposting,"What a nice pussy",25,0
2023-12-30T11,18tu3n6,PoliticalHumor,"And with her actions alone she made the world a better place",75,-10
2023-12-30T11,18tuyww,ContagiousLaughter,"Speaking English is so hilarious",94,-36
2023-12-30T11,18tvhk3,megalophobia,"How this massive crane neatly folds together for space optimization",100,-10
2023-12-30T11,18tw0wb,Unexpected,"The final option ",69,-21
2023-12-30T11,18twmdv,pettyrevenge,"Dressed overly casual at a designer store so that the rude sales rep wouldn‚Äôt get commission",72,-11
2023-12-30T11,18tx3zn,wholesomememes,"I kind of figured it out Dad : )",90,-10
2023-12-30T11,18tx4lb,DIY,"My first attempt at a wacky furniture piece.",40,-8
2023-12-30T11,18tzd0a,nba,"Victor Wembanyama: ""To me... probably on Earth [Vegas is] the closest thing to a dystopia, so, I'm not the biggest fan of Vegas""",43,-6
2023-12-30T11,18tzeg6,politics,"Appeals Court Says Trump Can‚Äôt Use Presidency to Avoid Capitol Police Lawsuits",36,-5
2023-12-30T11,18tzguu,nostalgia,"The beloved 'wrong-way' loop in phone cords",54,-6
2023-12-30T11,18tzvrv,theydidthemath,"[request]how many pennies will be needed to make this",56,-9
2023-12-30T11,18tzy0o,Millennials,"So how did people qualify for mortgages and cars before 1989? Credit scores are also Millennials I guess",86,-10
2023-12-30T11,18tzyfd,tumblr,"Hey look lois I became Garfield",58,-8
2023-12-30T11,18tzyqz,MadeMeSmile,"Nothing like making your parent‚Äôs dream come true on Christmas ",64,-8
2023-12-30T11,18u02qi,holdmycatnip,"The disrespect ",61,-6
2023-12-30T11,18u03eh,HonkaiStarRail,"First impressions of our last few limited 5 stars (personality wise)",82,-12
2023-12-30T11,18u06pz,TikTokCringe,"Cat's response to returning from work",89,-6
2023-12-30T11,18u07fy,memes,"Seriously though",41,-7
2023-12-30T11,18u0a8e,badroommates,"Worst Roommate to ever Exist",44,-1
2023-12-30T11,18u0bw2,Overwatch,"Activision Blizzard employee speaks mind after Bobby Kotick departure",63,-6
2023-12-30T11,18u0h1s,news,"California becomes first state to offer health insurance to all undocumented immigrants",35,-7
2023-12-30T11,18u0j4w,BlackPeopleTwitter,"ITT: What makes you go ""I'm with the boomers on this one""?",20,-4
2023-12-30T11,18u0k7l,GenZ,"Maine is the second state to block Trump from the ballot",52,-6
2023-12-30T11,18u0kgy,AntiTrumpAlliance,"He‚Äôs got my vote.",74,-8
2023-12-30T11,18u0tmu,interestingasfuck,"How cocaine is made",53,-36
2023-12-30T11,18u1c5r,pics,"Arnold Schwarzenegger visits with Lucy and Danny Devito on the stage of ""I Need That,"" December 2023",28,-5
2023-12-30T11,18u1fpz,BeAmazed,"Power Of A Woman",31,-7
2023-12-30T11,18u1k1h,NatureIsFuckingLit,"üî•Indian Black Narrowmouth Frog (Melanobatrachus indicus)",39,-3
2023-12-30T11,18u1pqa,toptalent,"Great party trick",24,-5
2023-12-30T11,18u1wz9,hockey,"Jonathan Quick with a save of the year candidate to keep the game scoreless",97,-8
2023-12-30T11,18u2btw,me_irl,me_irl,11,-3
2023-12-30T11,18u2h6e,gifsthatkeepongiving,"Frosty the snowmans",84,-5
2023-12-30T11,18u2nfl,gaming,"CYBERPUNK 2077 maxed out with path-tracing really is eye candy",55,-6
2023-12-30T11,18u2o5l,Damnthatsinteresting,"Airplane Converted into a house",81,-59
2023-12-30T11,18u2ot2,adventuretime,"And honestly I don‚Äôt blame him",62,-4
2023-12-30T11,18u2vp8,crochet,"I'm a beginner. I didn't take into consideration dimensional changes with yarn size",26,-6
2023-12-30T11,18u2x26,funny,"First Date Ick",16,-3
2023-12-30T11,18u302l,meirl,meirl,91,-4
2023-12-30T11,18u317c,Wellthatsucks,"It‚Äôs a evil world.",29,-8
2023-12-30T11,18u373f,nottheonion,"Philadelphia passes ski mask ban: 'Take them jawns off'",59,-7
2023-12-30T11,18u386l,maybemaybemaybe,"Maybe Maybe Maybe ",50,1
2023-12-30T11,18u3a1c,meirl,Meirl,15,-4
2023-12-30T11,18u3e0i,SipsTea,"He Can't Keep Getting Away With This",38,3
2023-12-30T11,18u3if8,MapPorn,"Most popular sport in the world",78,4
2023-12-30T11,18u3jid,iamatotalpieceofshit,"2 cops in Kentucky threw slushies from their car at 20+ innocent civilians.",77,-5
2023-12-30T11,18u3s1d,cats,"boyfriend broke up with me because he felt like a ‚Äúsecond option‚Äù to my cat. the cat in question:",9,-5
2023-12-30T11,18u44fw,OneOrangeBraincell,"My newly adopted son",42,-2
2023-12-30T11,18u44yq,DOG,"Lola can make her own decisions",73,5
2023-12-30T11,18u469f,politics,"Yes, Trump should be removed from the ballot",93,-7
2023-12-30T11,18u49va,wholesome,"Always look on the bright side.",37,2
2023-12-30T11,18u4ejn,Eldenring,"my three favorite dragons in the game",30,-1
2023-12-30T11,18u4i6p,mildlyinfuriating,"Two losers stealing my shoes from a house party",13,-4
2023-12-30T11,18u4k6j,discordVideos,"Death is upon us.",87,-2
2023-12-30T11,18u4s1t,AnimalCrossing,"I crocheted a Lily of the Valley plant and it lights up",17,-3
2023-12-30T11,18u4xg7,memes,"Unexpected meet",95,0
2023-12-30T11,18u4zw7,todayilearned,"TIL clover used to be part of every lawn as it was cheap and easy to maintain. After WWII pesticide companies declared it a weed and until recently it's been removed from laws.",5,-2
2023-12-30T11,18u53lx,Gamingcirclejerk,"Pronouns Rant Guy was right all along!",57,2
2023-12-30T11,18u58nb,marvelmemes,"Oh, you're right, Storm",12,0
2023-12-30T11,18u596h,comics,HICCUPS.,47,0
2023-12-30T11,18u5c9d,blackmagicfuckery,"Water physics is broken",10,-3
2023-12-30T11,18u5f4g,mildlyinteresting,"My mom got me a stress doll for Christmas and the TSA thought he was drugs :(",33,0
2023-12-30T11,18u5lan,Costco,"Congratulations Norfolk Virginia",76,-3
2023-12-30T11,18u5mk6,WhitePeopleTwitter,"So much for doing your own research Charlie",19,-1
2023-12-30T11,18u5p83,therewasanattempt,"To belittle a pornstar",83,-2
2023-12-30T11,18u5vpl,CricketShitpost,"THALA WHO?",92,-4
2023-12-30T11,18u63tj,shitposting,"It'll require double the effort",27,-1
2023-12-30T11,18u684n,Genshin_Impact,"You can imagine how hot he is",71,6
2023-12-30T11,18u6coa,AbsoluteUnits,"Hardcore fishing.",6,0
2023-12-30T11,18u6iu7,Funnymemes,"Fellas you doing this for your girl?",49,15
2023-12-30T11,18u6kxw,facepalm,"""Thousand cock stare"" ???",2,0
2023-12-30T11,18u6mev,nope,"Go to fishing... they say... it's quite relaxing... they say ",98,-1
2023-12-30T11,18u6ofg,facepalm,"Kitten lawyer",51,3
2023-12-30T11,18u6rkn,KidsAreFuckingStupid,"Bro forgot he two-eyedüíÄ",23,-2
2023-12-30T11,18u6vlx,BlackPeopleTwitter,"I think about this like every other day",67,-4
2023-12-30T11,18u6vo7,CFB,"[Postgame Thread] Missouri Defeats Ohio State 14-3",34,-7
2023-12-30T11,18u6ysl,JustGuysBeingDudes,"Guys will see this and just think ""hell yeah""",4,1
2023-12-30T11,18u7cx3,CrazyFuckingVideos,"Let me just squeeze over.",32,6
2023-12-30T11,18u7fit,AskReddit,"What is the scariest story that you know of with actual photographic proof?",68,6
2023-12-30T11,18u7gje,whenthe,"Autistic people are so commited",45,8
2023-12-30T11,18u7jfq,WitchesVsPatriarchy,"Cuddles are also good üôè",65,6
2023-12-30T11,18u7shu,Eyebleach,"Catch the paw",85,0
2023-12-30T11,18u7ty6,perfectlycutscreams,"Imma beat your ass- aaaaaaaaa",18,7
2023-12-30T11,18u7zco,technicallythetruth,"I cannot unsee it now",3,7
2023-12-30T11,18u8bq3,pcmasterrace,"Thought this deserved to be here unironically",60,38
2023-12-30T11,18u8ek4,AbruptChaos,Stealth....,66,18
2023-12-30T11,18u8f8k,funnyvideos,"Trying to cancel a comedian",1,0
2023-12-30T11,18u8syx,me_irlgbt,"Meüõπirlgbt",70,5
2023-12-30T11,18u8tbc,me_irlgbt,Me_irlgbt,14,1
2023-12-30T11,18u8zqm,AITAH,"AITA for telling my boyfriend if he chooses his mother in life her better choose her in death too",48,21
2023-12-30T11,18u9037,worldnews,"Russia unleashes biggest air attack on Ukraine since start of full-scale invasion",80,0
2023-12-30T11,18u92j3,MurderedByWords,"Somebody call the morgue!",22,20
2023-12-30T11,18u9h1y,CuratedTumblr,"The lost Phineas and Ferb episode about ocelots",88,0
2023-12-30T11,18u9n3o,chaoticgood,DOITDOITDOITDOITDOITDOITDOITDOITDOITD,46,22
2023-12-30T11,18ua8ex,HumansBeingBros,"Mark Potter let his opponent with Down Syndrome win",8,22
2023-12-30T11,18uac5d,Damnthatsinteresting,"A stone sphere worshipped by Indian farmers for generations has turned out to be a fossilised dinosaur egg.",25,0
2023-12-30T11,18uac77,interestingasfuck,"When a gasoline tanker crashes",21,0
2023-12-30T11,18uafco,nextfuckinglevel,"Competitive cheerleaders are on a different level",96,0
2023-12-30T11,18uaud8,Awww,Awww,7,37
2023-12-30T11,18ub3uc,TrueOffMyChest,"i just saw a dead baby",99,0
2023-12-30T11,18ubdvw,MinecraftMemes,"I like the classic one better",79,0
2023-12-30T10,18tu3n6,PoliticalHumor,"And with her actions alone she made the world a better place",65,-14
2023-12-30T10,18tuo24,FunnyAnimals,"He's living his best life.",93,-13
2023-12-30T10,18tvhk3,megalophobia,"How this massive crane neatly folds together for space optimization",90,-11
2023-12-30T10,18tvp4b,cartoons,"What was a ‚ÄúI can‚Äôt believe this aired on a kid‚Äôs cartoon channel‚Äù moment?",94,-8
2023-12-30T10,18tw83a,ireland,"Lads this is my last post!!",91,-13
2023-12-30T10,18twb9x,Embroidery,"I‚Äôve somehow veered into odd territory with my embroidery. And I love it.",100,-5
2023-12-30T10,18twmdv,pettyrevenge,"Dressed overly casual at a designer store so that the rude sales rep wouldn‚Äôt get commission",61,-12
2023-12-30T10,18twqqx,Damnthatsinteresting,"Police cruiser takes on a Dodge Hellcat in hot pursuit ",96,-22
2023-12-30T10,18tx3zn,wholesomememes,"I kind of figured it out Dad : )",80,-13
2023-12-30T10,18tx4lb,DIY,"My first attempt at a wacky furniture piece.",32,-6
2023-12-30T10,18txvmi,todayilearned,"TIL the father and stepmother of Dee Dee Blanchard, the murdered mother of Gypsy Rose Blanchard would not pay for her funeral and flushed her ashes down the toilet",95,-22
2023-12-30T10,18tzd0a,nba,"Victor Wembanyama: ""To me... probably on Earth [Vegas is] the closest thing to a dystopia, so, I'm not the biggest fan of Vegas""",37,-7
2023-12-30T10,18tzeg6,politics,"Appeals Court Says Trump Can‚Äôt Use Presidency to Avoid Capitol Police Lawsuits",31,-4
2023-12-30T10,18tzguu,nostalgia,"The beloved 'wrong-way' loop in phone cords",48,-6
2023-12-30T10,18tzvrv,theydidthemath,"[request]how many pennies will be needed to make this",47,-7
2023-12-30T10,18tzy0o,Millennials,"So how did people qualify for mortgages and cars before 1989? Credit scores are also Millennials I guess",76,-10
2023-12-30T10,18tzyfd,tumblr,"Hey look lois I became Garfield",50,-5
2023-12-30T10,18tzyqz,MadeMeSmile,"Nothing like making your parent‚Äôs dream come true on Christmas ",56,41
2023-12-30T10,18u00w7,oddlyterrifying,Triplets,67,-10
2023-12-30T10,18u02qi,holdmycatnip,"The disrespect ",55,-1
2023-12-30T10,18u03eh,HonkaiStarRail,"First impressions of our last few limited 5 stars (personality wise)",70,-9
2023-12-30T10,18u06pz,TikTokCringe,"Cat's response to returning from work",83,0
2023-12-30T10,18u07fy,memes,"Seriously though",34,-5
2023-12-30T10,18u0a8e,badroommates,"Worst Roommate to ever Exist",43,-8
2023-12-30T10,18u0bw2,Overwatch,"Activision Blizzard employee speaks mind after Bobby Kotick departure",57,-4
2023-12-30T10,18u0h1s,news,"California becomes first state to offer health insurance to all undocumented immigrants",28,-4
2023-12-30T10,18u0hr8,shitposting,"Checkmate, mathophiles",99,-17
2023-12-30T10,18u0j4w,BlackPeopleTwitter,"ITT: What makes you go ""I'm with the boomers on this one""?",16,-4
2023-12-30T10,18u0k7l,GenZ,"Maine is the second state to block Trump from the ballot",46,-8
2023-12-30T10,18u0kgy,AntiTrumpAlliance,"He‚Äôs got my vote.",66,-11
2023-12-30T10,18u0tmu,interestingasfuck,"How cocaine is made",17,-4
2023-12-30T10,18u167c,mildlyinfuriating,"My friend bought me a Switch game for my birthday. The download code, instead of being on the card itself, is on the receipt. He no longer has the receipt.",92,-17
2023-12-30T10,18u1c5r,pics,"Arnold Schwarzenegger visits with Lucy and Danny Devito on the stage of ""I Need That,"" December 2023",23,0
2023-12-30T10,18u1fpz,BeAmazed,"Power Of A Woman",24,-4
2023-12-30T10,18u1k1h,NatureIsFuckingLit,"üî•Indian Black Narrowmouth Frog (Melanobatrachus indicus)",36,-5
2023-12-30T10,18u1pqa,toptalent,"Great party trick",19,-5
2023-12-30T10,18u1wz9,hockey,"Jonathan Quick with a save of the year candidate to keep the game scoreless",89,-12
2023-12-30T10,18u2btw,me_irl,me_irl,8,-4
2023-12-30T10,18u2h6e,gifsthatkeepongiving,"Frosty the snowmans",79,-7
2023-12-30T10,18u2nfl,gaming,"CYBERPUNK 2077 maxed out with path-tracing really is eye candy",49,-2
2023-12-30T10,18u2o5l,Damnthatsinteresting,"Airplane Converted into a house",22,0
2023-12-30T10,18u2ot2,adventuretime,"And honestly I don‚Äôt blame him",58,-2
2023-12-30T10,18u2vp8,crochet,"I'm a beginner. I didn't take into consideration dimensional changes with yarn size",20,-2
2023-12-30T10,18u2x26,funny,"First Date Ick",13,-2
2023-12-30T10,18u302l,meirl,meirl,87,0
2023-12-30T10,18u373f,nottheonion,"Philadelphia passes ski mask ban: 'Take them jawns off'",52,0
2023-12-30T10,18u386l,maybemaybemaybe,"Maybe Maybe Maybe ",51,9
2023-12-30T10,18u3a1c,meirl,Meirl,11,-2
2023-12-30T10,18u3e0i,SipsTea,"He Can't Keep Getting Away With This",41,2
2023-12-30T10,18u3if8,MapPorn,"Most popular sport in the world",82,12
2023-12-30T10,18u3jid,iamatotalpieceofshit,"2 cops in Kentucky threw slushies from their car at 20+ innocent civilians.",72,-7
2023-12-30T10,18u3nf1,comics,Court,60,0
2023-12-30T10,18u3s1d,cats,"boyfriend broke up with me because he felt like a ‚Äúsecond option‚Äù to my cat. the cat in question:",4,-2
2023-12-30T10,18u44fw,OneOrangeBraincell,"My newly adopted son",40,-4
2023-12-30T10,18u44yq,DOG,"Lola can make her own decisions",78,13
2023-12-30T10,18u45ed,ContagiousLaughter,"As long as Barry's safe!",35,9
2023-12-30T10,18u45zf,Unexpected,"As long as Barry is safe",45,0
2023-12-30T10,18u469f,politics,"Yes, Trump should be removed from the ballot",86,-15
2023-12-30T10,18u49va,wholesome,"Always look on the bright side.",39,-2
2023-12-30T10,18u4ejn,Eldenring,"my three favorite dragons in the game",29,3
2023-12-30T10,18u4i6p,mildlyinfuriating,"Two losers stealing my shoes from a house party",9,1
2023-12-30T10,18u4k6j,discordVideos,"Death is upon us.",85,7
2023-12-30T10,18u4s1t,AnimalCrossing,"I crocheted a Lily of the Valley plant and it lights up",14,1
2023-12-30T10,18u4zw7,todayilearned,"TIL clover used to be part of every lawn as it was cheap and easy to maintain. After WWII pesticide companies declared it a weed and until recently it's been removed from laws.",3,0
2023-12-30T10,18u53lx,Gamingcirclejerk,"Pronouns Rant Guy was right all along!",59,3
2023-12-30T10,18u58nb,marvelmemes,"Oh, you're right, Storm",12,4
2023-12-30T10,18u59k0,interestingasfuck,"Finding your car using science",62,1
2023-12-30T10,18u5c9d,blackmagicfuckery,"Water physics is broken",7,0
2023-12-30T10,18u5f4g,mildlyinteresting,"My mom got me a stress doll for Christmas and the TSA thought he was drugs :(",33,1
2023-12-30T10,18u5lan,Costco,"Congratulations Norfolk Virginia",73,-3
2023-12-30T10,18u5mk6,WhitePeopleTwitter,"So much for doing your own research Charlie",18,-1
2023-12-30T10,18u5p83,therewasanattempt,"To belittle a pornstar",81,12
2023-12-30T10,18u5vpl,CricketShitpost,"THALA WHO?",88,-3
2023-12-30T10,18u63tj,shitposting,"It'll require double the effort",26,7
2023-12-30T10,18u684n,Genshin_Impact,"You can imagine how hot he is",77,13
2023-12-30T10,18u6coa,AbsoluteUnits,"Hardcore fishing.",6,2
2023-12-30T10,18u6iu7,Funnymemes,"Fellas you doing this for your girl?",64,20
2023-12-30T10,18u6kxw,facepalm,"""Thousand cock stare"" ???",2,-1
2023-12-30T10,18u6mev,nope,"Go to fishing... they say... it's quite relaxing... they say ",97,0
2023-12-30T10,18u6ofg,facepalm,"Kitten lawyer",54,10
2023-12-30T10,18u6rkn,KidsAreFuckingStupid,"Bro forgot he two-eyedüíÄ",21,7
2023-12-30T10,18u6vlx,BlackPeopleTwitter,"I think about this like every other day",63,-5
2023-12-30T10,18u6vo7,CFB,"[Postgame Thread] Missouri Defeats Ohio State 14-3",27,-2
2023-12-30T10,18u6ysl,JustGuysBeingDudes,"Guys will see this and just think ""hell yeah""",5,1
2023-12-30T10,18u7cx3,CrazyFuckingVideos,"Let me just squeeze over.",38,3
2023-12-30T10,18u7fit,AskReddit,"What is the scariest story that you know of with actual photographic proof?",74,0
2023-12-30T10,18u7gje,whenthe,"Autistic people are so commited",53,0
2023-12-30T10,18u7jfq,WitchesVsPatriarchy,"Cuddles are also good üôè",71,10
2023-12-30T10,18u7ty6,perfectlycutscreams,"Imma beat your ass- aaaaaaaaa",25,21
2023-12-30T10,18u7zco,technicallythetruth,"I cannot unsee it now",10,29
2023-12-30T10,18u8bq3,pcmasterrace,"Thought this deserved to be here unironically",98,0
2023-12-30T10,18u8ek4,AbruptChaos,Stealth....,84,0
2023-12-30T10,18u8f8k,funnyvideos,"Trying to cancel a comedian",1,4
2023-12-30T10,18u8syx,me_irlgbt,"Meüõπirlgbt",75,12
2023-12-30T10,18u8tbc,me_irlgbt,Me_irlgbt,15,4
2023-12-30T10,18u8zqm,AITAH,"AITA for telling my boyfriend if he chooses his mother in life her better choose her in death too",69,0
2023-12-30T10,18u92j3,MurderedByWords,"Somebody call the morgue!",42,54
2023-12-30T10,18u9n3o,chaoticgood,DOITDOITDOITDOITDOITDOITDOITDOITDOITD,68,0
2023-12-30T10,18ua8ex,HumansBeingBros,"Mark Potter let his opponent with Down Syndrome win",30,0
2023-12-30T10,18uaud8,Awww,Awww,44,0
2023-12-30T09,18ttsx5,worldnews,"Biden on Russia‚Äôs aerial attacks on Ukraine: Putin ‚Äòmust be stopped‚Äô",99,-17
2023-12-30T09,18tu3n6,PoliticalHumor,"And with her actions alone she made the world a better place",51,-7
2023-12-30T09,18tue4t,MadeMeSmile,"She tried so hard not to cry",50,45
2023-12-30T09,18tuo24,FunnyAnimals,"He's living his best life.",80,-17
2023-12-30T09,18tuox3,comics,"[OC] Happy New Year!",59,-11
2023-12-30T09,18tvhk3,megalophobia,"How this massive crane neatly folds together for space optimization",79,-17
2023-12-30T09,18tvkal,mildlyinteresting,"My LEGO Pyramid set came with an extra unlisted piece, an alien ray gun.",88,-54
2023-12-30T09,18tvp4b,cartoons,"What was a ‚ÄúI can‚Äôt believe this aired on a kid‚Äôs cartoon channel‚Äù moment?",86,-15
2023-12-30T09,18tw0wb,Unexpected,"The final option ",48,-10
2023-12-30T09,18tw83a,ireland,"Lads this is my last post!!",78,-17
2023-12-30T09,18twb9x,Embroidery,"I‚Äôve somehow veered into odd territory with my embroidery. And I love it.",95,-19
2023-12-30T09,18twmdv,pettyrevenge,"Dressed overly casual at a designer store so that the rude sales rep wouldn‚Äôt get commission",49,-8
2023-12-30T09,18twqqx,Damnthatsinteresting,"Police cruiser takes on a Dodge Hellcat in hot pursuit ",74,-1
2023-12-30T09,18tx3zn,wholesomememes,"I kind of figured it out Dad : )",67,0
2023-12-30T09,18tx4lb,DIY,"My first attempt at a wacky furniture piece.",26,-4
2023-12-30T09,18txvmi,todayilearned,"TIL the father and stepmother of Dee Dee Blanchard, the murdered mother of Gypsy Rose Blanchard would not pay for her funeral and flushed her ashes down the toilet",73,1
2023-12-30T09,18tywxp,meirl,meirl,68,1
2023-12-30T09,18tyx62,hardimages,"Doom is somehow on the nice list",100,-14
2023-12-30T09,18tzd0a,nba,"Victor Wembanyama: ""To me... probably on Earth [Vegas is] the closest thing to a dystopia, so, I'm not the biggest fan of Vegas""",30,-3
2023-12-30T09,18tzeg6,politics,"Appeals Court Says Trump Can‚Äôt Use Presidency to Avoid Capitol Police Lawsuits",27,-2
2023-12-30T09,18tzes0,WhitePeopleTwitter,"I swear do people even think?",98,0
2023-12-30T09,18tzguu,nostalgia,"The beloved 'wrong-way' loop in phone cords",42,1
2023-12-30T09,18tzvrv,theydidthemath,"[request]how many pennies will be needed to make this",40,-9
2023-12-30T09,18tzy0o,Millennials,"So how did people qualify for mortgages and cars before 1989? Credit scores are also Millennials I guess",66,-9
2023-12-30T09,18tzyfd,tumblr,"Hey look lois I became Garfield",45,-5
2023-12-30T09,18tzyqz,MadeMeSmile,"Nothing like making your parent‚Äôs dream come true on Christmas ",97,0
2023-12-30T09,18u00w7,oddlyterrifying,Triplets,57,-8
2023-12-30T09,18u02qi,holdmycatnip,"The disrespect ",54,-3
2023-12-30T09,18u03eh,HonkaiStarRail,"First impressions of our last few limited 5 stars (personality wise)",61,-8
2023-12-30T09,18u06pz,TikTokCringe,"Cat's response to returning from work",83,-8
2023-12-30T09,18u07fy,memes,"Seriously though",29,-3
2023-12-30T09,18u0a8e,badroommates,"Worst Roommate to ever Exist",35,-6
2023-12-30T09,18u0bw2,Overwatch,"Activision Blizzard employee speaks mind after Bobby Kotick departure",53,-3
2023-12-30T09,18u0h1s,news,"California becomes first state to offer health insurance to all undocumented immigrants",24,-1
2023-12-30T09,18u0hr8,shitposting,"Checkmate, mathophiles",82,-49
2023-12-30T09,18u0j4w,BlackPeopleTwitter,"ITT: What makes you go ""I'm with the boomers on this one""?",12,-7
2023-12-30T09,18u0k7l,GenZ,"Maine is the second state to block Trump from the ballot",38,-6
2023-12-30T09,18u0kgy,AntiTrumpAlliance,"He‚Äôs got my vote.",55,-8
2023-12-30T09,18u0tmu,interestingasfuck,"How cocaine is made",13,-6
2023-12-30T09,18u167c,mildlyinfuriating,"My friend bought me a Switch game for my birthday. The download code, instead of being on the card itself, is on the receipt. He no longer has the receipt.",75,12
2023-12-30T09,18u1c5r,pics,"Arnold Schwarzenegger visits with Lucy and Danny Devito on the stage of ""I Need That,"" December 2023",23,-3
2023-12-30T09,18u1fpz,BeAmazed,"Power Of A Woman",20,-6
2023-12-30T09,18u1k1h,NatureIsFuckingLit,"üî•Indian Black Narrowmouth Frog (Melanobatrachus indicus)",31,-3
2023-12-30T09,18u1mav,AskReddit,"You can permanently change the price of one item to $1, what is it?",76,-9
2023-12-30T09,18u1pqa,toptalent,"Great party trick",14,-4
2023-12-30T09,18u1wz9,hockey,"Jonathan Quick with a save of the year candidate to keep the game scoreless",77,-13
2023-12-30T09,18u2btw,me_irl,me_irl,4,-1
2023-12-30T09,18u2h6e,gifsthatkeepongiving,"Frosty the snowmans",72,-2
2023-12-30T09,18u2nfl,gaming,"CYBERPUNK 2077 maxed out with path-tracing really is eye candy",47,-2
2023-12-30T09,18u2o5l,Damnthatsinteresting,"Airplane Converted into a house",22,-5
2023-12-30T09,18u2ot2,adventuretime,"And honestly I don‚Äôt blame him",56,-2
2023-12-30T09,18u2vp8,crochet,"I'm a beginner. I didn't take into consideration dimensional changes with yarn size",18,-2
2023-12-30T09,18u2x26,funny,"First Date Ick",11,-3
2023-12-30T09,18u317c,Wellthatsucks,"It‚Äôs a evil world.",21,-3
2023-12-30T09,18u373f,nottheonion,"Philadelphia passes ski mask ban: 'Take them jawns off'",52,0
2023-12-30T09,18u386l,maybemaybemaybe,"Maybe Maybe Maybe ",60,5
2023-12-30T09,18u3a1c,meirl,Meirl,9,-5
2023-12-30T09,18u3e0i,SipsTea,"He Can't Keep Getting Away With This",43,12
2023-12-30T09,18u3if8,MapPorn,"Most popular sport in the world",94,0
2023-12-30T09,18u3j73,nba,"Twitch & Kick fight for LeBron James as NBA star reveals plans to start streaming",89,7
2023-12-30T09,18u3jid,iamatotalpieceofshit,"2 cops in Kentucky threw slushies from their car at 20+ innocent civilians.",65,-5
2023-12-30T09,18u3s1d,cats,"boyfriend broke up with me because he felt like a ‚Äúsecond option‚Äù to my cat. the cat in question:",2,-1
2023-12-30T09,18u44fw,OneOrangeBraincell,"My newly adopted son",36,0
2023-12-30T09,18u44yq,DOG,"Lola can make her own decisions",91,0
2023-12-30T09,18u45ed,ContagiousLaughter,"As long as Barry's safe!",44,0
2023-12-30T09,18u469f,politics,"Yes, Trump should be removed from the ballot",71,9
2023-12-30T09,18u49va,wholesome,"Always look on the bright side.",37,9
2023-12-30T09,18u4ejn,Eldenring,"my three favorite dragons in the game",32,3
2023-12-30T09,18u4i6p,mildlyinfuriating,"Two losers stealing my shoes from a house party",10,1
2023-12-30T09,18u4k6j,discordVideos,"Death is upon us.",92,6
2023-12-30T09,18u4s1t,AnimalCrossing,"I crocheted a Lily of the Valley plant and it lights up",15,-2
2023-12-30T09,18u4zw7,todayilearned,"TIL clover used to be part of every lawn as it was cheap and easy to maintain. After WWII pesticide companies declared it a weed and until recently it's been removed from laws.",3,-1
2023-12-30T09,18u51fc,whenthe,"Get cumlogged",69,-3
2023-12-30T09,18u53lx,Gamingcirclejerk,"Pronouns Rant Guy was right all along!",62,-3
2023-12-30T09,18u58nb,marvelmemes,"Oh, you're right, Storm",16,3
2023-12-30T09,18u59k0,interestingasfuck,"Finding your car using science",63,0
2023-12-30T09,18u5c9d,blackmagicfuckery,"Water physics is broken",7,2
2023-12-30T09,18u5f4g,mildlyinteresting,"My mom got me a stress doll for Christmas and the TSA thought he was drugs :(",34,58
2023-12-30T09,18u5lan,Costco,"Congratulations Norfolk Virginia",70,-2
2023-12-30T09,18u5mk6,WhitePeopleTwitter,"So much for doing your own research Charlie",17,4
2023-12-30T09,18u5p83,therewasanattempt,"To belittle a pornstar",93,0
2023-12-30T09,18u5vpl,CricketShitpost,"THALA WHO?",85,-8
2023-12-30T09,18u63tj,shitposting,"It'll require double the effort",33,0
2023-12-30T09,18u684n,Genshin_Impact,"You can imagine how hot he is",90,0
2023-12-30T09,18u6coa,AbsoluteUnits,"Hardcore fishing.",8,7
2023-12-30T09,18u6iu7,Funnymemes,"Fellas you doing this for your girl?",84,0
2023-12-30T09,18u6kxw,facepalm,"""Thousand cock stare"" ???",1,5
2023-12-30T09,18u6ofg,facepalm,"Kitten lawyer",64,0
2023-12-30T09,18u6rkn,KidsAreFuckingStupid,"Bro forgot he two-eyedüíÄ",28,9
2023-12-30T09,18u6vlx,BlackPeopleTwitter,"I think about this like every other day",58,21
2023-12-30T09,18u6vo7,CFB,"[Postgame Thread] Missouri Defeats Ohio State 14-3",25,-1
2023-12-30T09,18u6ysl,JustGuysBeingDudes,"Guys will see this and just think ""hell yeah""",6,6
2023-12-30T09,18u7cx3,CrazyFuckingVideos,"Let me just squeeze over.",41,15
2023-12-30T09,18u7jfq,WitchesVsPatriarchy,"Cuddles are also good üôè",81,0
2023-12-30T09,18u7ty6,perfectlycutscreams,"Imma beat your ass- aaaaaaaaa",46,43
2023-12-30T09,18u7zco,technicallythetruth,"I cannot unsee it now",39,0
2023-12-30T09,18u8f8k,funnyvideos,"Trying to cancel a comedian",5,34
2023-12-30T09,18u8syx,me_irlgbt,"Meüõπirlgbt",87,0
2023-12-30T09,18u8tbc,me_irlgbt,Me_irlgbt,19,23
2023-12-30T09,18u92j3,MurderedByWords,"Somebody call the morgue!",96,0
2023-12-30T08,18tsjuv,blunderyears,"I thought I was killin em with this fit back in 2011üò≠",81,-4
2023-12-30T08,18tsmcd,AnimalsBeingDerps,"Big Bugger Board Hugger",93,-3
2023-12-30T08,18ttsx5,worldnews,"Biden on Russia‚Äôs aerial attacks on Ukraine: Putin ‚Äòmust be stopped‚Äô",82,-4
2023-12-30T08,18ttvuh,StandUpComedy,"Andrew Tate vs Romania",83,-4
2023-12-30T08,18tu3n6,PoliticalHumor,"And with her actions alone she made the world a better place",44,-2
2023-12-30T08,18tue4t,MadeMeSmile,"She tried so hard not to cry",95,-1
2023-12-30T08,18tuo24,FunnyAnimals,"He's living his best life.",63,-1
2023-12-30T08,18tuox3,comics,"[OC] Happy New Year!",48,-3
2023-12-30T08,18tuyww,ContagiousLaughter,"Speaking English is so hilarious",58,-1
2023-12-30T08,18tvhk3,megalophobia,"How this massive crane neatly folds together for space optimization",62,-1
2023-12-30T08,18tvhl5,movies,"Steven Spielberg's 1991 movie 'Hook' was nearly a musical. Now its full score with long-lost songs by John Williams has been released",85,-2
2023-12-30T08,18tvkal,mildlyinteresting,"My LEGO Pyramid set came with an extra unlisted piece, an alien ray gun.",34,0
2023-12-30T08,18tvp4b,cartoons,"What was a ‚ÄúI can‚Äôt believe this aired on a kid‚Äôs cartoon channel‚Äù moment?",71,0
2023-12-30T08,18tw0wb,Unexpected,"The final option ",38,-2
2023-12-30T08,18tw83a,ireland,"Lads this is my last post!!",61,-1
2023-12-30T08,18tw8n9,ExplainTheJoke,"I don't get it?",88,-2
2023-12-30T08,18twb9x,Embroidery,"I‚Äôve somehow veered into odd territory with my embroidery. And I love it.",76,-3
2023-12-30T08,18twlqh,therewasanattempt,"To not sound evil",91,0
2023-12-30T08,18twmdv,pettyrevenge,"Dressed overly casual at a designer store so that the rude sales rep wouldn‚Äôt get commission",41,-4
2023-12-30T08,18twqqx,Damnthatsinteresting,"Police cruiser takes on a Dodge Hellcat in hot pursuit ",73,1
2023-12-30T08,18twv08,facepalm,"ü§¶",78,4
2023-12-30T08,18tx4lb,DIY,"My first attempt at a wacky furniture piece.",22,-1
2023-12-30T08,18txi8z,MinecraftMemes,"A super rare item that I don‚Äôt see anyone have it. (Source:Minecraft wiki)",90,-1
2023-12-30T08,18txvmi,todayilearned,"TIL the father and stepmother of Dee Dee Blanchard, the murdered mother of Gypsy Rose Blanchard would not pay for her funeral and flushed her ashes down the toilet",74,1
2023-12-30T08,18ty1a4,pcmasterrace,"Goodwill sticker on monitor. How do I get it off without destroying the monitor?",97,-4
2023-12-30T08,18tywxp,meirl,meirl,69,1
2023-12-30T08,18tyx62,hardimages,"Doom is somehow on the nice list",86,1
2023-12-30T08,18tzd0a,nba,"Victor Wembanyama: ""To me... probably on Earth [Vegas is] the closest thing to a dystopia, so, I'm not the biggest fan of Vegas""",27,1
2023-12-30T08,18tzeg6,politics,"Appeals Court Says Trump Can‚Äôt Use Presidency to Avoid Capitol Police Lawsuits",25,0
2023-12-30T08,18tzguu,nostalgia,"The beloved 'wrong-way' loop in phone cords",43,-3
2023-12-30T08,18tzvrv,theydidthemath,"[request]how many pennies will be needed to make this",31,1
2023-12-30T08,18tzy0o,Millennials,"So how did people qualify for mortgages and cars before 1989? Credit scores are also Millennials I guess",57,1
2023-12-30T08,18tzyfd,tumblr,"Hey look lois I became Garfield",40,-1
2023-12-30T08,18u00w7,oddlyterrifying,Triplets,49,-2
2023-12-30T08,18u02qi,holdmycatnip,"The disrespect ",51,-1
2023-12-30T08,18u03eh,HonkaiStarRail,"First impressions of our last few limited 5 stars (personality wise)",53,-2
2023-12-30T08,18u06pz,TikTokCringe,"Cat's response to returning from work",75,1
2023-12-30T08,18u07fy,memes,"Seriously though",26,1
2023-12-30T08,18u0a8e,badroommates,"Worst Roommate to ever Exist",29,1
2023-12-30T08,18u0bw2,Overwatch,"Activision Blizzard employee speaks mind after Bobby Kotick departure",50,-2
2023-12-30T08,18u0h1s,news,"California becomes first state to offer health insurance to all undocumented immigrants",23,-1
2023-12-30T08,18u0hr8,shitposting,"Checkmate, mathophiles",33,0
2023-12-30T08,18u0j4w,BlackPeopleTwitter,"ITT: What makes you go ""I'm with the boomers on this one""?",5,-1
2023-12-30T08,18u0k7l,GenZ,"Maine is the second state to block Trump from the ballot",32,3
2023-12-30T08,18u0kgy,AntiTrumpAlliance,"He‚Äôs got my vote.",47,-1
2023-12-30T08,18u0tmu,interestingasfuck,"How cocaine is made",7,-1
2023-12-30T08,18u12c9,TrueCrimeDiscussion,"Gypsy Rose Blanchard‚Äîwho was recently released from prison after seven years in custody‚Äîtook to Instagram on Dec. 29 to show off her freedom feelings in a mirror selfie. eonli.ne/3H1mefW",99,-4
2023-12-30T08,18u167c,mildlyinfuriating,"My friend bought me a Switch game for my birthday. The download code, instead of being on the card itself, is on the receipt. He no longer has the receipt.",87,5
2023-12-30T08,18u1c5r,pics,"Arnold Schwarzenegger visits with Lucy and Danny Devito on the stage of ""I Need That,"" December 2023",20,-1
2023-12-30T08,18u1fpz,BeAmazed,"Power Of A Woman",14,0
2023-12-30T08,18u1g5j,wholesomememes,"my father's priorities",30,1
2023-12-30T08,18u1k1h,NatureIsFuckingLit,"üî•Indian Black Narrowmouth Frog (Melanobatrachus indicus)",28,1
2023-12-30T08,18u1m26,DeepRockGalactic,"There is a real challenge.",100,-3
2023-12-30T08,18u1mav,AskReddit,"You can permanently change the price of one item to $1, what is it?",67,-1
2023-12-30T08,18u1pqa,toptalent,"Great party trick",10,-3
2023-12-30T08,18u1vud,drawing,"i decided i wanted to learn how to draw, here‚Äôs my 2023 progression",84,4
2023-12-30T08,18u1wz9,hockey,"Jonathan Quick with a save of the year candidate to keep the game scoreless",64,1
2023-12-30T08,18u2btw,me_irl,me_irl,3,0
2023-12-30T08,18u2h6e,gifsthatkeepongiving,"Frosty the snowmans",70,2
2023-12-30T08,18u2nfl,gaming,"CYBERPUNK 2077 maxed out with path-tracing really is eye candy",45,-1
2023-12-30T08,18u2o5l,Damnthatsinteresting,"Airplane Converted into a house",17,0
2023-12-30T08,18u2ot2,adventuretime,"And honestly I don‚Äôt blame him",54,-1
2023-12-30T08,18u2vp8,crochet,"I'm a beginner. I didn't take into consideration dimensional changes with yarn size",16,0
2023-12-30T08,18u2x26,funny,"First Date Ick",8,0
2023-12-30T08,18u317c,Wellthatsucks,"It‚Äôs a evil world.",18,0
2023-12-30T08,18u373f,nottheonion,"Philadelphia passes ski mask ban: 'Take them jawns off'",52,0
2023-12-30T08,18u386l,maybemaybemaybe,"Maybe Maybe Maybe ",65,4
2023-12-30T08,18u3a1c,meirl,Meirl,4,1
2023-12-30T08,18u3e0i,SipsTea,"He Can't Keep Getting Away With This",55,1
2023-12-30T08,18u3j73,nba,"Twitch & Kick fight for LeBron James as NBA star reveals plans to start streaming",96,2
2023-12-30T08,18u3jid,iamatotalpieceofshit,"2 cops in Kentucky threw slushies from their car at 20+ innocent civilians.",60,3
2023-12-30T08,18u3s1d,cats,"boyfriend broke up with me because he felt like a ‚Äúsecond option‚Äù to my cat. the cat in question:",1,0
2023-12-30T08,18u44fw,OneOrangeBraincell,"My newly adopted son",36,2
2023-12-30T08,18u469f,politics,"Yes, Trump should be removed from the ballot",80,5
2023-12-30T08,18u49va,wholesome,"Always look on the bright side.",46,3
2023-12-30T08,18u4ejn,Eldenring,"my three favorite dragons in the game",35,6
2023-12-30T08,18u4i6p,mildlyinfuriating,"Two losers stealing my shoes from a house party",11,1
2023-12-30T08,18u4k6j,discordVideos,"Death is upon us.",98,0
2023-12-30T08,18u4s1t,AnimalCrossing,"I crocheted a Lily of the Valley plant and it lights up",13,2
2023-12-30T08,18u4zw7,todayilearned,"TIL clover used to be part of every lawn as it was cheap and easy to maintain. After WWII pesticide companies declared it a weed and until recently it's been removed from laws.",2,0
2023-12-30T08,18u51fc,whenthe,"Get cumlogged",66,1
2023-12-30T08,18u53lx,Gamingcirclejerk,"Pronouns Rant Guy was right all along!",59,5
2023-12-30T08,18u58nb,marvelmemes,"Oh, you're right, Storm",19,7
2023-12-30T08,18u5c9d,blackmagicfuckery,"Water physics is broken",9,1
2023-12-30T08,18u5f4g,mildlyinteresting,"My mom got me a stress doll for Christmas and the TSA thought he was drugs :(",92,0
2023-12-30T08,18u5lan,Costco,"Congratulations Norfolk Virginia",68,0
2023-12-30T08,18u5mk6,WhitePeopleTwitter,"So much for doing your own research Charlie",21,3
2023-12-30T08,18u5oio,Terraria,"I saw a post and decided to make this",94,2
2023-12-30T08,18u5vpl,CricketShitpost,"THALA WHO?",77,3
2023-12-30T08,18u68b3,aww,"This is Omi, I got him after my breakup, we watch TV together like this (OC)",72,9
2023-12-30T08,18u6coa,AbsoluteUnits,"Hardcore fishing.",15,5
2023-12-30T08,18u6kxw,facepalm,"""Thousand cock stare"" ???",6,5
2023-12-30T08,18u6rkn,KidsAreFuckingStupid,"Bro forgot he two-eyedüíÄ",37,6
2023-12-30T08,18u6vlx,BlackPeopleTwitter,"I think about this like every other day",79,0
2023-12-30T08,18u6vo7,CFB,"[Postgame Thread] Missouri Defeats Ohio State 14-3",24,-1
2023-12-30T08,18u6ysl,JustGuysBeingDudes,"Guys will see this and just think ""hell yeah""",12,1
2023-12-30T08,18u7cx3,CrazyFuckingVideos,"Let me just squeeze over.",56,3
2023-12-30T08,18u7ty6,perfectlycutscreams,"Imma beat your ass- aaaaaaaaa",89,0
2023-12-30T08,18u8f8k,funnyvideos,"Trying to cancel a comedian",39,16
2023-12-30T08,18u8tbc,me_irlgbt,Me_irlgbt,42,12
2023-12-30T07,18tsjuv,blunderyears,"I thought I was killin em with this fit back in 2011üò≠",77,0
2023-12-30T07,18tsmcd,AnimalsBeingDerps,"Big Bugger Board Hugger",90,0
2023-12-30T07,18ttsx5,worldnews,"Biden on Russia‚Äôs aerial attacks on Ukraine: Putin ‚Äòmust be stopped‚Äô",78,0
2023-12-30T07,18ttvuh,StandUpComedy,"Andrew Tate vs Romania",79,0
2023-12-30T07,18tu3n6,PoliticalHumor,"And with her actions alone she made the world a better place",42,0
2023-12-30T07,18tue4t,MadeMeSmile,"She tried so hard not to cry",94,0
2023-12-30T07,18tuo24,FunnyAnimals,"He's living his best life.",62,0
2023-12-30T07,18tuox3,comics,"[OC] Happy New Year!",45,0
2023-12-30T07,18tuyww,ContagiousLaughter,"Speaking English is so hilarious",57,0
2023-12-30T07,18tv6eb,BrandNewSentence,"He‚Äôs just Ken",100,0
2023-12-30T07,18tvhk3,megalophobia,"How this massive crane neatly folds together for space optimization",61,0
2023-12-30T07,18tvhl5,movies,"Steven Spielberg's 1991 movie 'Hook' was nearly a musical. Now its full score with long-lost songs by John Williams has been released",83,0
2023-12-30T07,18tvkal,mildlyinteresting,"My LEGO Pyramid set came with an extra unlisted piece, an alien ray gun.",34,0
2023-12-30T07,18tvp4b,cartoons,"What was a ‚ÄúI can‚Äôt believe this aired on a kid‚Äôs cartoon channel‚Äù moment?",71,0
2023-12-30T07,18tw0wb,Unexpected,"The final option ",36,0
2023-12-30T07,18tw83a,ireland,"Lads this is my last post!!",60,0
2023-12-30T07,18tw8n9,ExplainTheJoke,"I don't get it?",86,0
2023-12-30T07,18twb9x,Embroidery,"I‚Äôve somehow veered into odd territory with my embroidery. And I love it.",73,0
2023-12-30T07,18twlqh,therewasanattempt,"To not sound evil",91,0
2023-12-30T07,18twmdv,pettyrevenge,"Dressed overly casual at a designer store so that the rude sales rep wouldn‚Äôt get commission",37,0
2023-12-30T07,18twqqx,Damnthatsinteresting,"Police cruiser takes on a Dodge Hellcat in hot pursuit ",74,0
2023-12-30T07,18twv08,facepalm,"ü§¶",82,0
2023-12-30T07,18tx4lb,DIY,"My first attempt at a wacky furniture piece.",21,0
2023-12-30T07,18txgjw,foundsatan,"Video evidence",99,0
2023-12-30T07,18txi8z,MinecraftMemes,"A super rare item that I don‚Äôt see anyone have it. (Source:Minecraft wiki)",89,0
2023-12-30T07,18txvmi,todayilearned,"TIL the father and stepmother of Dee Dee Blanchard, the murdered mother of Gypsy Rose Blanchard would not pay for her funeral and flushed her ashes down the toilet",75,0
2023-12-30T07,18ty1a4,pcmasterrace,"Goodwill sticker on monitor. How do I get it off without destroying the monitor?",93,0
2023-12-30T07,18ty3gk,BlackPeopleTwitter,"""I'm not a businessman, I'm a business, man.""",84,0
2023-12-30T07,18tywxp,meirl,meirl,70,0
2023-12-30T07,18tyx62,hardimages,"Doom is somehow on the nice list",87,0
2023-12-30T07,18tzd0a,nba,"Victor Wembanyama: ""To me... probably on Earth [Vegas is] the closest thing to a dystopia, so, I'm not the biggest fan of Vegas""",28,0
2023-12-30T07,18tzeg6,politics,"Appeals Court Says Trump Can‚Äôt Use Presidency to Avoid Capitol Police Lawsuits",25,0
2023-12-30T07,18tzguu,nostalgia,"The beloved 'wrong-way' loop in phone cords",40,0
2023-12-30T07,18tzvrv,theydidthemath,"[request]how many pennies will be needed to make this",32,0
2023-12-30T07,18tzy0o,Millennials,"So how did people qualify for mortgages and cars before 1989? Credit scores are also Millennials I guess",58,0
2023-12-30T07,18tzyfd,tumblr,"Hey look lois I became Garfield",39,0
2023-12-30T07,18u00w7,oddlyterrifying,Triplets,47,0
2023-12-30T07,18u02qi,holdmycatnip,"The disrespect ",50,0
2023-12-30T07,18u03eh,HonkaiStarRail,"First impressions of our last few limited 5 stars (personality wise)",51,0
2023-12-30T07,18u06pz,TikTokCringe,"Cat's response to returning from work",76,0
2023-12-30T07,18u07fy,memes,"Seriously though",27,0
2023-12-30T07,18u0a8e,badroommates,"Worst Roommate to ever Exist",30,0
2023-12-30T07,18u0bw2,Overwatch,"Activision Blizzard employee speaks mind after Bobby Kotick departure",48,0
2023-12-30T07,18u0h1s,news,"California becomes first state to offer health insurance to all undocumented immigrants",22,0
2023-12-30T07,18u0hr8,shitposting,"Checkmate, mathophiles",33,0
2023-12-30T07,18u0j4w,BlackPeopleTwitter,"ITT: What makes you go ""I'm with the boomers on this one""?",4,0
2023-12-30T07,18u0k7l,GenZ,"Maine is the second state to block Trump from the ballot",35,0
2023-12-30T07,18u0kgy,AntiTrumpAlliance,"He‚Äôs got my vote.",46,0
2023-12-30T07,18u0tmu,interestingasfuck,"How cocaine is made",6,0
2023-12-30T07,18u12c9,TrueCrimeDiscussion,"Gypsy Rose Blanchard‚Äîwho was recently released from prison after seven years in custody‚Äîtook to Instagram on Dec. 29 to show off her freedom feelings in a mirror selfie. eonli.ne/3H1mefW",95,0
2023-12-30T07,18u167c,mildlyinfuriating,"My friend bought me a Switch game for my birthday. The download code, instead of being on the card itself, is on the receipt. He no longer has the receipt.",92,0
2023-12-30T07,18u1c5r,pics,"Arnold Schwarzenegger visits with Lucy and Danny Devito on the stage of ""I Need That,"" December 2023",19,0
2023-12-30T07,18u1fpz,BeAmazed,"Power Of A Woman",14,0
2023-12-30T07,18u1g5j,wholesomememes,"my father's priorities",31,0
2023-12-30T07,18u1k1h,NatureIsFuckingLit,"üî•Indian Black Narrowmouth Frog (Melanobatrachus indicus)",29,0
2023-12-30T07,18u1m26,DeepRockGalactic,"There is a real challenge.",97,0
2023-12-30T07,18u1mav,AskReddit,"You can permanently change the price of one item to $1, what is it?",66,0
2023-12-30T07,18u1pqa,toptalent,"Great party trick",7,0
2023-12-30T07,18u1s0e,MadeMeSmile,"Her happiness after winning it all.",9,0
2023-12-30T07,18u1vud,drawing,"i decided i wanted to learn how to draw, here‚Äôs my 2023 progression",88,0
2023-12-30T07,18u1wz9,hockey,"Jonathan Quick with a save of the year candidate to keep the game scoreless",65,0
2023-12-30T07,18u2btw,me_irl,me_irl,3,0
2023-12-30T07,18u2h6e,gifsthatkeepongiving,"Frosty the snowmans",72,0
2023-12-30T07,18u2nfl,gaming,"CYBERPUNK 2077 maxed out with path-tracing really is eye candy",44,0
2023-12-30T07,18u2o5l,Damnthatsinteresting,"Airplane Converted into a house",17,0
2023-12-30T07,18u2ot2,adventuretime,"And honestly I don‚Äôt blame him",53,0
2023-12-30T07,18u2vp8,crochet,"I'm a beginner. I didn't take into consideration dimensional changes with yarn size",16,0
2023-12-30T07,18u2x26,funny,"First Date Ick",8,0
2023-12-30T07,18u317c,Wellthatsucks,"It‚Äôs a evil world.",18,0
2023-12-30T07,18u373f,nottheonion,"Philadelphia passes ski mask ban: 'Take them jawns off'",52,0
2023-12-30T07,18u386l,maybemaybemaybe,"Maybe Maybe Maybe ",69,0
2023-12-30T07,18u3a1c,meirl,Meirl,5,0
2023-12-30T07,18u3e0i,SipsTea,"He Can't Keep Getting Away With This",56,0
2023-12-30T07,18u3j73,nba,"Twitch & Kick fight for LeBron James as NBA star reveals plans to start streaming",98,0
2023-12-30T07,18u3jid,iamatotalpieceofshit,"2 cops in Kentucky threw slushies from their car at 20+ innocent civilians.",63,0
2023-12-30T07,18u3s1d,cats,"boyfriend broke up with me because he felt like a ‚Äúsecond option‚Äù to my cat. the cat in question:",1,0
2023-12-30T07,18u44fw,OneOrangeBraincell,"My newly adopted son",38,0
2023-12-30T07,18u469f,politics,"Yes, Trump should be removed from the ballot",85,0
2023-12-30T07,18u49va,wholesome,"Always look on the bright side.",49,0
2023-12-30T07,18u4ejn,Eldenring,"my three favorite dragons in the game",41,0
2023-12-30T07,18u4i6p,mildlyinfuriating,"Two losers stealing my shoes from a house party",12,0
2023-12-30T07,18u4s1t,AnimalCrossing,"I crocheted a Lily of the Valley plant and it lights up",15,0
2023-12-30T07,18u4zw7,todayilearned,"TIL clover used to be part of every lawn as it was cheap and easy to maintain. After WWII pesticide companies declared it a weed and until recently it's been removed from laws.",2,0
2023-12-30T07,18u51fc,whenthe,"Get cumlogged",67,0
2023-12-30T07,18u53lx,Gamingcirclejerk,"Pronouns Rant Guy was right all along!",64,0
2023-12-30T07,18u58nb,marvelmemes,"Oh, you're right, Storm",26,0
2023-12-30T07,18u5c9d,blackmagicfuckery,"Water physics is broken",10,0
2023-12-30T07,18u5lan,Costco,"Congratulations Norfolk Virginia",68,0
2023-12-30T07,18u5mk6,WhitePeopleTwitter,"So much for doing your own research Charlie",24,0
2023-12-30T07,18u5oio,Terraria,"I saw a post and decided to make this",96,0
2023-12-30T07,18u5vpl,CricketShitpost,"THALA WHO?",80,0
2023-12-30T07,18u68b3,aww,"This is Omi, I got him after my breakup, we watch TV together like this (OC)",81,0
2023-12-30T07,18u6coa,AbsoluteUnits,"Hardcore fishing.",20,0
2023-12-30T07,18u6kxw,facepalm,"""Thousand cock stare"" ???",11,0
2023-12-30T07,18u6rkn,KidsAreFuckingStupid,"Bro forgot he two-eyedüíÄ",43,0
2023-12-30T07,18u6vo7,CFB,"[Postgame Thread] Missouri Defeats Ohio State 14-3",23,0
2023-12-30T07,18u6ysl,JustGuysBeingDudes,"Guys will see this and just think ""hell yeah""",13,0
2023-12-30T07,18u7cx3,CrazyFuckingVideos,"Let me just squeeze over.",59,0
2023-12-30T07,18u8f8k,funnyvideos,"Trying to cancel a comedian",55,0
2023-12-30T07,18u8tbc,me_irlgbt,Me_irlgbt,54,0
